	subject_number	AGE_GROUP	TRIAL	image_id	FIRST_LAST	CURRENT_FIX_INDEX	CURRENT_FIX_X	CURRENT_FIX_Y	CURRENT_FIX_DURATION
60	201	1	4	111	1	1	407.3	295.6	619
61	201	1	4	111	0	2	366.7	281.9	189
62	201	1	4	111	0	3	189.2	438.1	143
63	201	1	4	111	0	4	205.4	398.3	189
64	201	1	4	111	0	5	43.3	371.3	173
65	201	1	4	111	0	6	200.1	394.9	429
66	201	1	4	111	0	7	203.2	420.2	96
67	201	1	4	111	0	8	202.8	404.2	342
68	201	1	4	111	0	9	116.6	551.3	286
69	201	1	4	111	0	10	526.0	441.0	205
70	201	1	4	111	0	11	572.5	278.4	265
71	201	1	4	111	0	12	354.4	469.0	224
72	201	1	4	111	0	13	558.7	435.1	132
73	201	1	4	111	0	14	705.8	451.2	212
74	201	1	4	111	0	15	724.7	350.1	311
75	201	1	4	111	0	16	744.5	217.8	52
76	201	1	4	111	0	17	746.0	176.9	79
77	201	1	4	111	0	18	703.7	389.2	157
78	201	1	4	111	0	19	708.9	360.1	89
79	201	1	4	111	0	20	596.5	151.1	278
80	201	1	4	111	0	21	739.7	79.9	200
81	201	1	4	111	0	22	726.7	45.9	105
82	201	1	4	111	0	23	759.2	172.1	208
83	201	1	4	111	2	24	355.5	398.1	174
170	201	1	9	37	1	1	404.8	309.5	516
171	201	1	9	37	0	2	266.8	200.7	63
172	201	1	9	37	0	3	185.0	223.9	236
173	201	1	9	37	0	4	197.2	152.4	247
174	201	1	9	37	0	5	112.5	344.0	387
175	201	1	9	37	0	6	80.1	381.5	215
176	201	1	9	37	0	7	75.9	162.2	206
177	201	1	9	37	0	8	62.1	109.4	211
178	201	1	9	37	0	9	426.7	232.0	322
179	201	1	9	37	0	10	542.6	238.4	199
180	201	1	9	37	0	11	547.5	268.0	154
181	201	1	9	37	0	12	520.3	234.3	348
182	201	1	9	37	0	13	593.6	252.2	181
183	201	1	9	37	0	14	757.0	304.0	250
184	201	1	9	37	0	15	530.6	233.5	265
185	201	1	9	37	0	16	730.7	423.3	454
186	201	1	9	37	0	17	699.2	397.6	129
187	201	1	9	37	0	18	736.6	464.3	278
188	201	1	9	37	0	19	468.2	283.5	116
189	201	1	9	37	2	20	508.0	249.1	323
603	201	1	30	9	1	1	412.8	296.4	769
604	201	1	30	9	0	2	306.7	353.4	230
605	201	1	30	9	0	3	289.8	404.9	179
606	201	1	30	9	0	4	522.4	165.3	203
607	201	1	30	9	0	5	554.7	146.8	1177
608	201	1	30	9	0	6	259.3	153.7	281
609	201	1	30	9	0	7	128.3	286.2	285
610	201	1	30	9	0	8	73.8	278.4	189
611	201	1	30	9	0	9	57.2	273.5	269
612	201	1	30	9	0	10	85.6	303.2	32
613	201	1	30	9	0	11	94.8	303.5	160
614	201	1	30	9	0	12	116.6	323.7	235
615	201	1	30	9	0	13	114.2	263.7	257
616	201	1	30	9	0	14	91.6	273.7	158
617	201	1	30	9	0	15	443.2	414.6	259
618	201	1	30	9	0	16	287.6	359.1	338
619	201	1	30	9	0	17	302.3	389.4	217
620	201	1	30	9	0	18	453.2	434.5	224
621	201	1	30	9	2	19	719.1	434.2	301
785	201	1	39	67	1	1	407.3	299.3	673
786	201	1	39	67	0	2	374.3	393.6	189
787	201	1	39	67	0	3	236.9	368.6	118
788	201	1	39	67	0	4	61.9	414.1	287
789	201	1	39	67	0	5	378.9	393.5	234
790	201	1	39	67	0	6	585.4	456.9	273
791	201	1	39	67	0	7	637.5	499.1	85
792	201	1	39	67	0	8	665.8	351.9	269
793	201	1	39	67	0	9	503.7	324.6	261
794	201	1	39	67	0	10	730.4	362.5	393
795	201	1	39	67	0	11	778.4	430.1	181
796	201	1	39	67	0	12	748.7	354.4	293
797	201	1	39	67	0	13	203.7	394.6	157
798	201	1	39	67	0	14	181.7	376.7	403
799	201	1	39	67	0	15	89.5	360.8	218
800	201	1	39	67	0	16	275.0	236.2	207
801	201	1	39	67	0	17	197.1	197.6	217
802	201	1	39	67	0	18	389.6	146.5	174
803	201	1	39	67	0	19	555.8	296.2	281
804	201	1	39	67	0	20	488.4	346.8	85
805	201	1	39	67	2	21	422.1	403.4	124
910	201	1	45	106	1	1	395.4	283.8	574
911	201	1	45	106	0	2	235.0	249.6	49
912	201	1	45	106	0	3	189.8	197.2	176
913	201	1	45	106	0	4	45.4	308.0	341
914	201	1	45	106	0	5	260.3	384.5	181
915	201	1	45	106	0	6	424.9	339.9	206
916	201	1	45	106	0	7	361.5	328.8	130
917	201	1	45	106	0	8	585.5	299.2	212
918	201	1	45	106	0	9	759.5	534.0	207
919	201	1	45	106	0	10	758.4	463.9	84
920	201	1	45	106	0	11	606.5	285.0	293
921	201	1	45	106	0	12	534.7	276.2	275
922	201	1	45	106	0	13	387.3	317.5	284
923	201	1	45	106	0	14	-20.1	325.3	123
924	201	1	45	106	0	15	58.9	294.2	264
925	201	1	45	106	0	16	52.7	319.5	260
926	201	1	45	106	0	17	36.3	357.9	117
927	201	1	45	106	0	18	0.7	270.8	197
928	201	1	45	106	0	19	160.1	494.1	298
929	201	1	45	106	0	20	552.7	257.7	357
930	201	1	45	106	2	21	596.4	269.4	202
1252	201	1	63	6	1	1	421.4	280.1	1223
1253	201	1	63	6	0	2	227.5	430.5	103
1254	201	1	63	6	0	3	294.3	555.7	67
1255	201	1	63	6	0	4	272.0	510.8	346
1256	201	1	63	6	0	5	198.7	394.3	338
1257	201	1	63	6	0	6	88.1	405.5	646
1258	201	1	63	6	0	7	98.9	413.7	422
1259	201	1	63	6	0	8	545.3	423.6	104
1260	201	1	63	6	0	9	692.5	428.6	180
1261	201	1	63	6	0	10	768.6	478.0	36
1262	201	1	63	6	0	11	756.4	333.3	129
1263	201	1	63	6	0	12	710.5	239.5	594
1264	201	1	63	6	0	13	758.9	299.6	206
1265	201	1	63	6	0	14	482.5	247.5	96
1266	201	1	63	6	0	15	546.1	152.7	225
1267	201	1	63	6	0	16	591.2	94.6	227
1268	201	1	63	6	0	17	296.4	43.2	211
1269	201	1	63	6	0	18	439.6	250.9	47
1270	201	1	63	6	2	19	441.7	242.5	444
1773	201	1	89	129	1	1	422.8	277.7	627
1774	201	1	89	129	0	2	401.1	285.7	167
1775	201	1	89	129	0	3	478.2	159.8	145
1776	201	1	89	129	0	4	394.2	428.2	217
1777	201	1	89	129	0	5	364.1	482.3	210
1778	201	1	89	129	0	6	391.6	453.9	105
1779	201	1	89	129	0	7	291.1	190.4	190
1780	201	1	89	129	0	8	465.0	257.4	209
1781	201	1	89	129	0	9	543.8	364.7	158
1782	201	1	89	129	0	10	607.6	507.1	119
1783	201	1	89	129	0	11	351.7	444.1	200
1784	201	1	89	129	0	12	629.3	247.4	270
1785	201	1	89	129	0	13	647.7	163.4	153
1786	201	1	89	129	0	14	597.0	87.9	154
1787	201	1	89	129	0	15	343.7	170.9	165
1788	201	1	89	129	0	16	93.7	211.5	287
1789	201	1	89	129	0	17	283.2	417.7	126
1790	201	1	89	129	0	18	383.9	475.6	264
1791	201	1	89	129	0	19	395.4	451.2	309
1792	201	1	89	129	0	20	367.9	273.0	313
1793	201	1	89	129	0	21	281.9	183.3	197
1794	201	1	89	129	0	22	267.6	166.8	20
1795	201	1	89	129	0	23	585.3	125.4	291
1796	201	1	89	129	2	24	622.8	109.6	71
1859	201	1	93	107	1	1	405.9	279.6	737
1860	201	1	93	107	0	2	356.4	320.2	307
1861	201	1	93	107	0	3	133.5	491.8	182
1862	201	1	93	107	0	4	53.0	298.3	210
1863	201	1	93	107	0	5	314.3	114.7	222
1864	201	1	93	107	0	6	525.2	121.8	207
1865	201	1	93	107	0	7	592.8	217.3	118
1866	201	1	93	107	0	8	755.8	147.2	296
1867	201	1	93	107	0	9	775.3	107.2	200
1868	201	1	93	107	0	10	568.2	97.1	119
1869	201	1	93	107	0	11	531.6	145.7	239
1870	201	1	93	107	0	12	556.0	306.9	231
1871	201	1	93	107	0	13	370.6	439.7	263
1872	201	1	93	107	0	14	264.4	417.4	90
1873	201	1	93	107	0	15	114.5	509.7	129
1874	201	1	93	107	0	16	167.6	514.1	168
1875	201	1	93	107	0	17	46.9	228.8	199
1876	201	1	93	107	0	18	43.6	100.9	155
1877	201	1	93	107	0	19	186.0	57.4	135
1878	201	1	93	107	0	20	314.1	46.7	195
1879	201	1	93	107	0	21	470.8	50.5	299
1880	201	1	93	107	2	22	222.9	17.8	182
2063	201	1	103	149	1	1	415.7	280.2	820
2064	201	1	103	149	0	2	488.4	163.1	99
2065	201	1	103	149	0	3	514.0	151.8	106
2066	201	1	103	149	0	4	649.7	149.9	313
2067	201	1	103	149	0	5	515.0	154.9	217
2068	201	1	103	149	0	6	187.2	174.7	343
2069	201	1	103	149	0	7	261.0	420.2	130
2070	201	1	103	149	0	8	268.3	374.3	117
2071	201	1	103	149	0	9	207.1	479.0	131
2072	201	1	103	149	0	10	630.7	507.6	236
2073	201	1	103	149	0	11	556.7	164.5	256
2074	201	1	103	149	0	12	693.7	147.7	121
2075	201	1	103	149	0	13	732.3	201.9	200
2076	201	1	103	149	0	14	759.7	322.7	259
2077	201	1	103	149	0	15	760.3	463.8	312
2078	201	1	103	149	0	16	753.5	546.5	97
2079	201	1	103	149	0	17	374.4	470.1	114
2080	201	1	103	149	0	18	385.4	420.3	131
2081	201	1	103	149	0	19	457.1	387.2	203
2082	201	1	103	149	0	20	545.2	431.4	326
2083	201	1	103	149	0	21	155.3	352.7	270
2084	201	1	103	149	2	22	34.5	392.9	161
2247	201	1	112	52	1	1	409.1	272.8	826
2248	201	1	112	52	0	2	363.4	243.6	251
2249	201	1	112	52	0	3	361.5	279.0	183
2250	201	1	112	52	0	4	623.6	242.6	58
2251	201	1	112	52	0	5	618.8	229.8	201
2252	201	1	112	52	0	6	662.0	197.6	141
2253	201	1	112	52	0	7	642.9	221.5	179
2254	201	1	112	52	0	8	646.4	526.4	149
2255	201	1	112	52	0	9	579.6	459.2	298
2256	201	1	112	52	0	10	83.9	435.0	181
2257	201	1	112	52	0	11	59.0	371.9	196
2258	201	1	112	52	0	12	28.4	369.9	109
2259	201	1	112	52	0	13	30.4	356.7	196
2260	201	1	112	52	0	14	13.0	367.9	156
2261	201	1	112	52	0	15	89.7	-2.4	109
2262	201	1	112	52	0	16	77.3	-21.1	534
2263	201	1	112	52	0	17	115.9	89.7	203
2264	201	1	112	52	0	18	40.3	46.8	106
2265	201	1	112	52	0	19	208.5	28.3	187
2266	201	1	112	52	0	20	550.8	93.3	208
2267	201	1	112	52	0	21	724.6	180.1	255
2268	201	1	112	52	0	22	700.8	123.1	183
2269	201	1	112	52	2	23	662.9	186.1	202
2270	201	1	113	97	1	1	420.4	282.0	784
2271	201	1	113	97	0	2	153.1	359.1	196
2272	201	1	113	97	0	3	205.4	386.2	180
2273	201	1	113	97	0	4	211.6	439.0	120
2274	201	1	113	97	0	5	133.4	415.1	96
2275	201	1	113	97	0	6	104.9	443.7	47
2276	201	1	113	97	0	7	387.6	303.4	298
2277	201	1	113	97	0	8	399.1	211.2	153
2278	201	1	113	97	0	9	175.0	185.3	383
2279	201	1	113	97	0	10	650.1	156.7	440
2280	201	1	113	97	0	11	559.4	218.5	150
2281	201	1	113	97	0	12	766.1	417.1	379
2282	201	1	113	97	0	13	762.9	408.2	210
2283	201	1	113	97	0	14	766.1	426.0	391
2284	201	1	113	97	0	15	803.2	267.0	177
2285	201	1	113	97	0	16	708.9	212.5	48
2286	201	1	113	97	0	17	542.5	214.5	195
2287	201	1	113	97	0	18	339.7	175.9	176
2288	201	1	113	97	0	19	393.6	221.7	174
2289	201	1	113	97	2	20	268.1	204.3	222
2519	201	1	125	112	1	1	406.5	304.4	805
2520	201	1	125	112	0	2	198.6	411.3	220
2521	201	1	125	112	0	3	176.9	441.6	431
2522	201	1	125	112	0	4	167.5	483.7	131
2523	201	1	125	112	0	5	191.5	408.1	317
2524	201	1	125	112	0	6	167.7	440.0	328
2525	201	1	125	112	0	7	15.5	321.5	428
2526	201	1	125	112	0	8	86.1	357.6	184
2527	201	1	125	112	0	9	196.5	430.3	146
2528	201	1	125	112	0	10	539.8	272.4	217
2529	201	1	125	112	0	11	647.2	355.8	324
2530	201	1	125	112	0	12	632.5	396.5	309
2531	201	1	125	112	0	13	678.7	198.9	243
2532	201	1	125	112	0	14	314.0	215.7	256
2533	201	1	125	112	0	15	290.7	173.4	99
2534	201	1	125	112	0	16	600.8	116.3	113
2535	201	1	125	112	0	17	698.8	122.7	190
2536	201	1	125	112	0	18	508.6	127.8	377
2537	201	1	125	112	2	19	519.1	232.8	204
2538	201	1	126	150	1	1	388.6	304.7	808
2539	201	1	126	150	0	2	292.6	488.9	103
2540	201	1	126	150	0	3	375.5	512.6	165
2541	201	1	126	150	0	4	363.2	561.4	131
2542	201	1	126	150	0	5	674.9	416.9	231
2543	201	1	126	150	0	6	530.2	270.1	335
2544	201	1	126	150	0	7	712.7	415.3	203
2545	201	1	126	150	0	8	451.7	287.2	312
2546	201	1	126	150	0	9	158.6	236.9	210
2547	201	1	126	150	0	10	65.2	239.7	247
2548	201	1	126	150	0	11	104.2	245.1	211
2549	201	1	126	150	0	12	22.7	250.1	209
2550	201	1	126	150	0	13	398.2	287.1	325
2551	201	1	126	150	0	14	459.8	276.0	250
2552	201	1	126	150	0	15	284.7	115.2	67
2553	201	1	126	150	0	16	276.3	77.5	133
2554	201	1	126	150	0	17	237.5	45.5	134
2555	201	1	126	150	0	18	553.0	213.0	362
2556	201	1	126	150	0	19	702.6	326.2	232
2557	201	1	126	150	0	20	717.1	181.2	265
2558	201	1	126	150	0	21	714.0	120.3	23
2559	201	1	126	150	2	22	717.5	116.7	316
2603	201	1	129	85	1	1	404.5	308.5	654
2604	201	1	129	85	0	2	435.1	135.7	107
2605	201	1	129	85	0	3	137.1	116.1	186
2606	201	1	129	85	0	4	98.6	64.8	950
2607	201	1	129	85	0	5	394.6	106.0	137
2608	201	1	129	85	0	6	433.5	111.7	93
2609	201	1	129	85	0	7	613.5	227.0	157
2610	201	1	129	85	0	8	683.9	473.8	194
2611	201	1	129	85	0	9	704.7	435.0	483
2612	201	1	129	85	0	10	585.5	566.8	294
2613	201	1	129	85	0	11	610.6	203.8	49
2614	201	1	129	85	0	12	568.3	142.2	109
2615	201	1	129	85	0	13	404.3	115.3	112
2616	201	1	129	85	0	14	119.1	79.2	142
2617	201	1	129	85	0	15	186.8	333.5	256
2618	201	1	129	85	0	16	228.5	352.9	115
2619	201	1	129	85	0	17	126.8	347.5	359
2620	201	1	129	85	0	18	440.8	122.1	233
2621	201	1	129	85	0	19	609.1	217.7	137
2622	201	1	129	85	2	20	625.2	248.3	364
2777	201	1	138	58	1	1	395.9	302.8	689
2778	201	1	138	58	0	2	297.2	225.6	170
2779	201	1	138	58	0	3	270.5	248.0	615
2780	201	1	138	58	0	4	319.3	234.0	121
2781	201	1	138	58	0	5	324.4	171.0	364
2782	201	1	138	58	0	6	144.2	148.6	253
2783	201	1	138	58	0	7	124.6	194.5	116
2784	201	1	138	58	0	8	34.3	316.8	166
2785	201	1	138	58	0	9	69.8	466.0	131
2786	201	1	138	58	0	10	348.8	114.0	218
2787	201	1	138	58	0	11	450.3	128.2	225
2788	201	1	138	58	0	12	460.7	121.2	149
2789	201	1	138	58	0	13	505.4	296.3	334
2790	201	1	138	58	0	14	471.5	312.7	297
2791	201	1	138	58	0	15	581.9	410.7	298
2792	201	1	138	58	0	16	470.7	325.3	246
2793	201	1	138	58	0	17	694.7	405.6	189
2794	201	1	138	58	0	18	731.7	445.5	430
2795	201	1	138	58	2	19	504.7	319.3	291
3031	203	1	1	112	1	1	392.3	309.1	902
3032	203	1	1	112	0	2	272.1	402.9	200
3033	203	1	1	112	0	3	302.0	225.2	382
3034	203	1	1	112	0	4	428.2	383.3	197
3035	203	1	1	112	0	5	405.1	299.7	315
3036	203	1	1	112	0	6	447.6	341.3	302
3037	203	1	1	112	0	7	474.6	282.9	252
3038	203	1	1	112	0	8	384.2	288.6	339
3039	203	1	1	112	0	9	530.1	250.2	181
3040	203	1	1	112	0	10	688.9	217.2	351
3041	203	1	1	112	0	11	670.6	344.5	156
3042	203	1	1	112	0	12	215.8	415.1	517
3043	203	1	1	112	0	13	284.1	392.7	231
3044	203	1	1	112	0	14	181.4	432.9	472
3045	203	1	1	112	0	15	188.4	474.5	147
3046	203	1	1	112	0	16	294.7	411.4	134
3047	203	1	1	112	0	17	289.6	192.1	354
3048	203	1	1	112	0	18	350.2	168.1	249
3049	203	1	1	112	2	19	494.7	189.0	319
3345	203	1	17	150	1	1	398.3	295.2	504
3346	203	1	17	150	0	2	396.9	298.4	35
3347	203	1	17	150	0	3	591.6	349.0	195
3348	203	1	17	150	0	4	304.5	506.3	92
3349	203	1	17	150	0	5	345.9	467.6	34
3350	203	1	17	150	0	6	424.5	516.5	252
3351	203	1	17	150	0	7	382.8	140.6	428
3352	203	1	17	150	0	8	287.6	245.5	240
3353	203	1	17	150	0	9	540.0	289.3	236
3354	203	1	17	150	0	10	437.4	290.5	368
3355	203	1	17	150	0	11	656.6	325.1	402
3356	203	1	17	150	0	12	379.9	201.7	324
3357	203	1	17	150	0	13	310.4	222.4	146
3358	203	1	17	150	0	14	249.4	88.9	323
3359	203	1	17	150	0	15	251.7	57.0	324
3360	203	1	17	150	0	16	293.2	514.8	112
3361	203	1	17	150	0	17	300.1	506.6	150
3362	203	1	17	150	0	18	401.2	539.0	172
3363	203	1	17	150	0	19	360.2	480.5	174
3364	203	1	17	150	0	20	339.1	467.4	263
3365	203	1	17	150	0	21	677.9	486.6	261
3366	203	1	17	150	2	22	407.0	563.7	348
3505	203	1	25	37	1	1	376.3	303.0	504
3506	203	1	25	37	0	2	499.5	206.1	238
3507	203	1	25	37	0	3	476.3	236.0	137
3508	203	1	25	37	0	4	205.7	255.2	289
3509	203	1	25	37	0	5	450.7	227.2	308
3510	203	1	25	37	0	6	360.5	237.9	171
3511	203	1	25	37	0	7	598.6	227.6	262
3512	203	1	25	37	0	8	423.2	405.3	364
3513	203	1	25	37	0	9	471.1	310.1	112
3514	203	1	25	37	0	10	491.0	232.3	301
3515	203	1	25	37	0	11	164.9	247.3	273
3516	203	1	25	37	0	12	380.3	228.9	243
3517	203	1	25	37	0	13	482.0	236.2	504
3518	203	1	25	37	0	14	659.8	246.9	142
3519	203	1	25	37	0	15	475.1	273.3	174
3520	203	1	25	37	0	16	378.4	399.9	278
3521	203	1	25	37	0	17	191.4	242.1	210
3522	203	1	25	37	0	18	169.7	178.2	159
3523	203	1	25	37	0	19	136.8	355.7	192
3524	203	1	25	37	0	20	468.2	262.9	380
3525	203	1	25	37	2	21	365.0	425.8	287
3766	203	1	38	58	1	1	398.3	291.9	664
3767	203	1	38	58	0	2	295.6	294.0	209
3768	203	1	38	58	0	3	577.1	249.9	307
3769	203	1	38	58	0	4	538.3	283.5	277
3770	203	1	38	58	0	5	578.3	351.4	236
3771	203	1	38	58	0	6	671.4	230.4	204
3772	203	1	38	58	0	7	603.2	189.3	112
3773	203	1	38	58	0	8	287.7	214.9	300
3774	203	1	38	58	0	9	610.0	335.9	249
3775	203	1	38	58	0	10	515.6	297.6	355
3776	203	1	38	58	0	11	511.4	271.3	184
3777	203	1	38	58	0	12	663.1	244.3	383
3778	203	1	38	58	0	13	599.5	375.5	213
3779	203	1	38	58	0	14	492.7	306.0	247
3780	203	1	38	58	0	15	631.4	320.2	328
3781	203	1	38	58	0	16	232.5	195.9	170
3782	203	1	38	58	0	17	146.8	149.8	172
3783	203	1	38	58	0	18	380.1	113.2	351
3784	203	1	38	58	0	19	149.6	147.2	299
3785	203	1	38	58	0	20	376.8	274.8	268
3786	203	1	38	58	2	21	283.5	293.4	426
3853	203	1	42	9	1	1	384.3	281.1	876
3854	203	1	42	9	0	2	271.2	362.8	113
3855	203	1	42	9	0	3	501.5	147.0	215
3856	203	1	42	9	0	4	521.3	132.0	318
3857	203	1	42	9	0	5	225.6	402.2	169
3858	203	1	42	9	0	6	273.1	365.9	306
3859	203	1	42	9	0	7	285.3	328.2	284
3860	203	1	42	9	0	8	319.4	320.2	163
3861	203	1	42	9	0	9	261.0	415.2	132
3862	203	1	42	9	0	10	272.9	387.8	336
3863	203	1	42	9	0	11	430.1	397.4	172
3864	203	1	42	9	0	12	495.8	142.0	266
3865	203	1	42	9	0	13	742.5	67.8	185
3866	203	1	42	9	0	14	270.7	152.5	498
3867	203	1	42	9	0	15	126.9	282.9	157
3868	203	1	42	9	0	16	435.1	387.6	349
3869	203	1	42	9	0	17	272.8	383.4	344
3870	203	1	42	9	0	18	240.0	332.7	224
3871	203	1	42	9	0	19	456.7	437.9	175
3872	203	1	42	9	0	20	465.7	491.5	133
3873	203	1	42	9	0	21	481.3	417.2	247
3874	203	1	42	9	2	22	386.0	397.0	285
4136	203	1	56	52	1	1	393.6	300.5	774
4137	203	1	56	52	0	2	198.6	378.6	139
4138	203	1	56	52	0	3	238.4	157.4	288
4139	203	1	56	52	0	4	374.1	168.8	118
4140	203	1	56	52	0	5	557.2	226.6	369
4141	203	1	56	52	0	6	633.0	192.0	258
4142	203	1	56	52	0	7	270.8	198.5	295
4143	203	1	56	52	0	8	109.0	46.7	151
4144	203	1	56	52	0	9	89.8	-10.8	313
4145	203	1	56	52	0	10	180.6	385.8	291
4146	203	1	56	52	0	11	285.7	345.2	277
4147	203	1	56	52	0	12	253.0	332.3	310
4148	203	1	56	52	0	13	450.3	388.3	113
4149	203	1	56	52	0	14	337.6	194.1	339
4150	203	1	56	52	0	15	449.6	355.1	356
4151	203	1	56	52	0	16	481.0	414.3	351
4152	203	1	56	52	0	17	459.9	451.9	165
4153	203	1	56	52	0	18	278.1	345.7	248
4154	203	1	56	52	0	19	337.4	264.3	107
4155	203	1	56	52	0	20	320.4	154.6	284
4156	203	1	56	52	2	21	337.8	255.0	270
4253	203	1	62	111	1	1	390.1	294.2	741
4254	203	1	62	111	0	2	275.2	378.0	135
4255	203	1	62	111	0	3	553.1	148.4	247
4256	203	1	62	111	0	4	150.6	437.8	182
4257	203	1	62	111	0	5	205.8	410.6	232
4258	203	1	62	111	0	6	182.1	390.5	285
4259	203	1	62	111	0	7	174.6	369.5	208
4260	203	1	62	111	0	8	26.3	340.0	250
4261	203	1	62	111	0	9	301.8	325.7	292
4262	203	1	62	111	0	10	653.9	161.8	250
4263	203	1	62	111	0	11	725.9	161.4	173
4264	203	1	62	111	0	12	718.8	25.9	208
4265	203	1	62	111	0	13	569.7	407.9	328
4266	203	1	62	111	0	14	620.3	465.0	169
4267	203	1	62	111	0	15	695.5	364.3	344
4268	203	1	62	111	0	16	505.2	378.9	324
4269	203	1	62	111	0	17	452.5	368.0	285
4270	203	1	62	111	0	18	442.0	463.4	256
4271	203	1	62	111	0	19	285.5	498.0	201
4272	203	1	62	111	0	20	189.9	510.4	190
4273	203	1	62	111	0	21	338.8	312.7	341
4274	203	1	62	111	2	22	314.1	317.0	153
4298	203	1	64	106	1	1	400.7	284.0	339
4299	203	1	64	106	0	2	242.0	261.6	156
4300	203	1	64	106	0	3	297.6	231.9	165
4301	203	1	64	106	0	4	555.5	368.4	269
4302	203	1	64	106	0	5	577.9	437.9	305
4303	203	1	64	106	0	6	573.8	472.6	156
4304	203	1	64	106	0	7	476.5	372.8	249
4305	203	1	64	106	0	8	578.6	284.9	281
4306	203	1	64	106	0	9	752.7	459.8	235
4307	203	1	64	106	0	10	777.5	486.9	201
4308	203	1	64	106	0	11	326.8	217.6	418
4309	203	1	64	106	0	12	491.8	306.6	349
4310	203	1	64	106	0	13	552.0	337.0	149
4311	203	1	64	106	0	14	586.3	250.2	203
4312	203	1	64	106	0	15	76.7	328.5	380
4313	203	1	64	106	0	16	334.7	356.1	258
4314	203	1	64	106	0	17	387.6	315.5	432
4315	203	1	64	106	0	18	487.5	251.4	271
4316	203	1	64	106	0	19	290.9	189.7	251
4317	203	1	64	106	0	20	299.4	154.7	207
4318	203	1	64	106	2	21	488.9	263.0	280
4397	203	1	69	85	1	1	423.7	307.5	855
4398	203	1	69	85	0	2	235.7	200.3	78
4399	203	1	69	85	0	3	235.9	200.5	128
4400	203	1	69	85	0	4	166.4	79.8	208
4401	203	1	69	85	0	5	597.8	420.7	28
4402	203	1	69	85	0	6	503.5	291.6	273
4403	203	1	69	85	0	7	459.1	143.9	213
4404	203	1	69	85	0	8	132.4	64.2	214
4405	203	1	69	85	0	9	380.3	296.7	278
4406	203	1	69	85	0	10	569.1	275.9	157
4407	203	1	69	85	0	11	448.6	345.0	372
4408	203	1	69	85	0	12	506.9	304.0	264
4409	203	1	69	85	0	13	343.5	308.6	343
4410	203	1	69	85	0	14	411.5	285.6	332
4411	203	1	69	85	0	15	475.9	302.3	288
4412	203	1	69	85	0	16	335.4	299.7	438
4413	203	1	69	85	0	17	449.5	273.6	496
4414	203	1	69	85	0	18	481.3	265.8	244
4415	203	1	69	85	2	19	365.4	279.1	380
4462	203	1	72	67	1	1	397.1	293.7	813
4463	203	1	72	67	0	2	284.6	374.7	285
4464	203	1	72	67	0	3	369.3	397.5	173
4465	203	1	72	67	0	4	240.1	369.1	188
4466	203	1	72	67	0	5	556.0	335.0	203
4467	203	1	72	67	0	6	725.4	374.7	149
4468	203	1	72	67	0	7	276.4	230.4	163
4469	203	1	72	67	0	8	503.6	343.3	251
4470	203	1	72	67	0	9	295.7	205.6	132
4471	203	1	72	67	0	10	177.2	174.9	379
4472	203	1	72	67	0	11	443.4	220.2	223
4473	203	1	72	67	0	12	178.0	414.4	500
4474	203	1	72	67	0	13	443.1	436.6	394
4475	203	1	72	67	0	14	561.6	455.2	264
4476	203	1	72	67	0	15	700.3	369.5	197
4477	203	1	72	67	0	16	523.9	346.5	250
4478	203	1	72	67	0	17	776.5	365.7	444
4479	203	1	72	67	0	18	692.1	419.2	303
4480	203	1	72	67	0	19	354.3	400.2	373
4481	203	1	72	67	2	20	205.8	375.3	311
4524	203	1	75	149	1	1	405.6	293.5	612
4525	203	1	75	149	0	2	270.7	255.5	147
4526	203	1	75	149	0	3	448.7	157.8	283
4527	203	1	75	149	0	4	361.0	313.8	225
4528	203	1	75	149	0	5	369.0	441.5	329
4529	203	1	75	149	0	6	324.4	213.9	319
4530	203	1	75	149	0	7	429.3	251.5	205
4531	203	1	75	149	0	8	450.4	257.3	161
4532	203	1	75	149	0	9	276.0	220.9	273
4533	203	1	75	149	0	10	334.1	178.5	211
4534	203	1	75	149	0	11	366.8	437.3	479
4535	203	1	75	149	0	12	476.2	452.6	242
4536	203	1	75	149	0	13	289.4	533.4	371
4537	203	1	75	149	0	14	521.6	540.4	289
4538	203	1	75	149	0	15	394.0	180.1	315
4539	203	1	75	149	0	16	308.2	194.2	377
4540	203	1	75	149	0	17	359.3	177.4	208
4541	203	1	75	149	0	18	473.0	189.5	145
4542	203	1	75	149	0	19	403.4	433.8	324
4543	203	1	75	149	2	20	332.9	453.9	153
4804	203	1	89	129	1	1	386.3	289.7	367
4805	203	1	89	129	0	2	259.9	176.9	173
4806	203	1	89	129	0	3	498.4	123.1	398
4807	203	1	89	129	0	4	621.9	121.2	368
4808	203	1	89	129	0	5	374.0	136.8	132
4809	203	1	89	129	0	6	342.2	314.1	54
4810	203	1	89	129	0	7	347.1	342.1	215
4811	203	1	89	129	0	8	351.1	367.5	31
4812	203	1	89	129	0	9	399.5	523.0	223
4813	203	1	89	129	0	10	354.4	472.8	160
4814	203	1	89	129	0	11	325.9	469.6	377
4815	203	1	89	129	0	12	222.2	492.1	163
4816	203	1	89	129	0	13	483.7	355.2	552
4817	203	1	89	129	0	14	656.0	356.7	251
4818	203	1	89	129	0	15	699.5	358.3	577
4819	203	1	89	129	0	16	649.7	363.6	426
4820	203	1	89	129	0	17	674.2	414.3	177
4821	203	1	89	129	0	18	265.1	142.1	358
4822	203	1	89	129	0	19	399.2	112.2	70
4823	203	1	89	129	0	20	406.2	115.0	150
4824	203	1	89	129	0	21	541.8	88.3	114
4825	203	1	89	129	2	22	206.3	110.2	337
4946	203	1	96	6	1	1	390.7	289.9	830
4947	203	1	96	6	0	2	235.2	316.2	173
4948	203	1	96	6	0	3	458.0	224.9	199
4949	203	1	96	6	0	4	398.1	120.6	348
4950	203	1	96	6	0	5	423.1	282.9	280
4951	203	1	96	6	0	6	252.2	340.1	285
4952	203	1	96	6	0	7	358.5	264.3	250
4953	203	1	96	6	0	8	462.8	225.6	326
4954	203	1	96	6	0	9	508.5	257.6	176
4955	203	1	96	6	0	10	241.5	283.0	274
4956	203	1	96	6	0	11	234.2	187.8	308
4957	203	1	96	6	0	12	443.1	132.6	448
4958	203	1	96	6	0	13	615.1	248.3	324
4959	203	1	96	6	0	14	425.4	248.1	343
4960	203	1	96	6	0	15	326.3	237.1	313
4961	203	1	96	6	0	16	166.8	194.8	238
4962	203	1	96	6	0	17	434.7	103.0	421
4963	203	1	96	6	2	18	231.0	337.6	203
5564	203	1	127	107	1	1	401.0	296.0	863
5565	203	1	127	107	0	2	294.3	160.1	162
5566	203	1	127	107	0	3	440.5	112.6	399
5567	203	1	127	107	0	4	592.3	230.0	187
5568	203	1	127	107	0	5	362.8	429.2	58
5569	203	1	127	107	0	6	308.3	419.6	236
5570	203	1	127	107	0	7	125.7	404.5	269
5571	203	1	127	107	0	8	351.8	120.0	50
5572	203	1	127	107	0	9	350.6	126.9	41
5573	203	1	127	107	0	10	350.7	130.4	124
5574	203	1	127	107	0	11	235.9	79.1	267
5575	203	1	127	107	0	12	501.7	199.8	114
5576	203	1	127	107	0	13	450.2	206.1	293
5577	203	1	127	107	0	14	559.9	154.2	469
5578	203	1	127	107	0	15	561.2	197.5	243
5579	203	1	127	107	0	16	257.3	161.7	312
5580	203	1	127	107	0	17	323.9	140.0	209
5581	203	1	127	107	0	18	249.9	82.8	274
5582	203	1	127	107	0	19	482.2	127.5	184
5583	203	1	127	107	0	20	550.1	354.1	206
5584	203	1	127	107	0	21	371.0	425.3	304
5585	203	1	127	107	2	22	646.2	379.0	320
5790	203	1	138	97	1	1	355.1	263.1	243
5791	203	1	138	97	0	2	247.4	271.7	134
5792	203	1	138	97	0	3	518.0	276.7	286
5793	203	1	138	97	0	4	618.1	170.3	173
5794	203	1	138	97	0	5	399.6	182.3	165
5795	203	1	138	97	0	6	169.4	348.4	205
5796	203	1	138	97	0	7	170.4	437.6	164
5797	203	1	138	97	0	8	121.5	400.3	603
5798	203	1	138	97	0	9	135.6	350.3	188
5799	203	1	138	97	0	10	190.1	425.8	177
5800	203	1	138	97	0	11	592.3	185.9	168
5801	203	1	138	97	0	12	605.5	146.0	281
5802	203	1	138	97	0	13	622.8	103.4	262
5803	203	1	138	97	0	14	591.2	118.7	120
5804	203	1	138	97	0	15	376.2	189.3	227
5805	203	1	138	97	0	16	376.7	213.7	154
5806	203	1	138	97	0	17	402.8	12.8	363
5807	203	1	138	97	0	18	364.2	227.0	139
5808	203	1	138	97	0	19	380.4	220.4	386
5809	203	1	138	97	0	20	371.1	245.4	156
5810	203	1	138	97	0	21	653.7	278.3	300
5811	203	1	138	97	2	22	726.1	345.8	422
6088	204	1	2	37	1	1	395.6	306.0	554
6089	204	1	2	37	0	2	240.9	203.4	158
6090	204	1	2	37	0	3	181.8	149.8	88
6091	204	1	2	37	0	4	179.2	191.9	110
6092	204	1	2	37	0	5	171.4	135.1	107
6093	204	1	2	37	0	6	133.4	372.2	240
6094	204	1	2	37	0	7	185.1	466.9	368
6095	204	1	2	37	0	8	115.1	310.8	295
6096	204	1	2	37	0	9	103.6	252.9	146
6097	204	1	2	37	0	10	52.3	122.7	183
6098	204	1	2	37	0	11	467.5	263.6	182
6099	204	1	2	37	0	12	503.5	258.5	208
6100	204	1	2	37	0	13	641.8	397.2	218
6101	204	1	2	37	0	14	573.5	417.1	196
6102	204	1	2	37	0	15	425.7	399.1	239
6103	204	1	2	37	0	16	567.4	186.5	229
6104	204	1	2	37	0	17	612.7	189.2	207
6105	204	1	2	37	0	18	720.6	271.7	87
6106	204	1	2	37	0	19	716.6	298.7	36
6107	204	1	2	37	0	20	721.6	337.6	235
6108	204	1	2	37	0	21	695.5	368.8	181
6109	204	1	2	37	0	22	665.5	369.8	250
6110	204	1	2	37	0	23	405.4	266.6	138
6111	204	1	2	37	0	24	228.3	260.3	286
6112	204	1	2	37	2	25	257.1	342.1	338
6323	204	1	13	85	1	1	377.7	318.0	1017
6324	204	1	13	85	0	2	119.7	249.5	168
6325	204	1	13	85	0	3	87.9	114.8	160
6326	204	1	13	85	0	4	87.5	68.6	191
6327	204	1	13	85	0	5	127.5	244.4	101
6328	204	1	13	85	0	6	96.6	311.2	128
6329	204	1	13	85	0	7	55.0	421.2	184
6330	204	1	13	85	0	8	291.7	322.7	303
6331	204	1	13	85	0	9	364.2	294.4	226
6332	204	1	13	85	0	10	445.4	299.9	125
6333	204	1	13	85	0	11	218.8	353.6	175
6334	204	1	13	85	0	12	578.7	276.0	244
6335	204	1	13	85	0	13	603.1	216.8	172
6336	204	1	13	85	0	14	690.3	483.5	280
6337	204	1	13	85	0	15	722.6	448.2	227
6338	204	1	13	85	0	16	618.7	289.2	252
6339	204	1	13	85	0	17	651.8	200.9	388
6340	204	1	13	85	0	18	237.2	312.6	212
6341	204	1	13	85	0	19	214.7	327.1	103
6342	204	1	13	85	0	20	570.3	100.3	464
6343	204	1	13	85	0	21	408.6	132.2	204
6344	204	1	13	85	2	22	402.6	158.1	476
6387	204	1	16	112	1	1	376.2	303.2	1402
6388	204	1	16	112	0	2	344.8	183.2	377
6389	204	1	16	112	0	3	147.0	258.8	167
6390	204	1	16	112	0	4	202.8	462.5	227
6391	204	1	16	112	0	5	154.9	438.0	181
6392	204	1	16	112	0	6	140.9	446.1	221
6393	204	1	16	112	0	7	157.5	224.4	266
6394	204	1	16	112	0	8	286.0	188.9	151
6395	204	1	16	112	0	9	463.2	126.0	155
6396	204	1	16	112	0	10	492.4	111.0	225
6397	204	1	16	112	0	11	575.0	129.7	153
6398	204	1	16	112	0	12	650.4	131.4	277
6399	204	1	16	112	0	13	631.9	190.6	239
6400	204	1	16	112	0	14	628.4	295.5	58
6401	204	1	16	112	0	15	626.3	319.5	97
6402	204	1	16	112	0	16	624.6	406.3	276
6403	204	1	16	112	0	17	551.5	482.1	129
6404	204	1	16	112	0	18	465.5	574.7	316
6405	204	1	16	112	0	19	574.7	407.5	177
6406	204	1	16	112	0	20	661.4	358.5	172
6407	204	1	16	112	0	21	643.9	161.1	129
6408	204	1	16	112	0	22	647.9	125.0	498
6409	204	1	16	112	2	23	522.0	195.6	427
6602	204	1	26	58	1	1	398.6	280.7	728
6603	204	1	26	58	0	2	315.6	251.4	361
6604	204	1	26	58	0	3	289.7	197.8	268
6605	204	1	26	58	0	4	176.8	129.0	230
6606	204	1	26	58	0	5	152.5	101.0	281
6607	204	1	26	58	0	6	182.0	105.1	106
6608	204	1	26	58	0	7	316.3	94.2	299
6609	204	1	26	58	0	8	574.7	349.9	361
6610	204	1	26	58	0	9	530.1	288.5	286
6611	204	1	26	58	0	10	500.3	284.0	281
6612	204	1	26	58	0	11	527.0	258.2	331
6613	204	1	26	58	0	12	583.4	295.8	560
6614	204	1	26	58	0	13	520.2	268.1	131
6615	204	1	26	58	0	14	499.9	292.0	110
6616	204	1	26	58	0	15	701.8	328.3	319
6617	204	1	26	58	0	16	650.0	313.4	194
6618	204	1	26	58	0	17	748.5	426.8	364
6619	204	1	26	58	0	18	665.5	401.3	188
6620	204	1	26	58	0	19	639.5	409.2	310
6621	204	1	26	58	2	20	685.4	143.3	379
6828	204	1	37	107	1	1	405.4	289.7	844
6829	204	1	37	107	0	2	315.0	329.9	94
6830	204	1	37	107	0	3	297.7	351.0	221
6831	204	1	37	107	0	4	639.1	452.2	228
6832	204	1	37	107	0	5	640.0	351.5	151
6833	204	1	37	107	0	6	472.2	163.4	294
6834	204	1	37	107	0	7	258.5	180.9	234
6835	204	1	37	107	0	8	160.9	156.9	289
6836	204	1	37	107	0	9	175.2	172.2	193
6837	204	1	37	107	0	10	671.0	131.8	185
6838	204	1	37	107	0	11	602.7	85.4	204
6839	204	1	37	107	0	12	395.3	105.6	89
6840	204	1	37	107	0	13	723.4	119.3	261
6841	204	1	37	107	0	14	695.7	107.3	138
6842	204	1	37	107	0	15	712.7	99.9	157
6843	204	1	37	107	0	16	154.8	300.9	177
6844	204	1	37	107	0	17	88.7	298.8	247
6845	204	1	37	107	0	18	141.9	463.1	169
6846	204	1	37	107	0	19	386.5	447.3	163
6847	204	1	37	107	0	20	379.2	355.4	124
6848	204	1	37	107	0	21	661.3	478.8	200
6849	204	1	37	107	0	22	704.1	357.7	96
6850	204	1	37	107	0	23	616.3	120.8	130
6851	204	1	37	107	0	24	361.7	105.4	161
6852	204	1	37	107	2	25	231.8	76.2	148
6935	204	1	42	97	1	1	405.7	280.5	724
6936	204	1	42	97	0	2	312.5	268.3	173
6937	204	1	42	97	0	3	363.7	214.5	170
6938	204	1	42	97	0	4	169.6	311.5	206
6939	204	1	42	97	0	5	196.6	406.5	161
6940	204	1	42	97	0	6	200.7	431.3	162
6941	204	1	42	97	0	7	146.3	404.8	327
6942	204	1	42	97	0	8	144.9	381.0	199
6943	204	1	42	97	0	9	141.6	401.8	427
6944	204	1	42	97	0	10	213.1	442.7	189
6945	204	1	42	97	0	11	211.4	166.7	399
6946	204	1	42	97	0	12	608.9	142.4	357
6947	204	1	42	97	0	13	480.6	192.9	261
6948	204	1	42	97	0	14	407.5	174.0	94
6949	204	1	42	97	0	15	407.0	55.2	213
6950	204	1	42	97	0	16	649.4	122.7	234
6951	204	1	42	97	0	17	644.7	102.4	233
6952	204	1	42	97	0	18	630.5	106.2	132
6953	204	1	42	97	0	19	777.0	310.6	417
6954	204	1	42	97	0	20	685.8	188.7	241
6955	204	1	42	97	2	21	740.3	166.7	193
7231	204	1	56	52	1	1	387.0	290.7	655
7232	204	1	56	52	0	2	361.3	283.4	285
7233	204	1	56	52	0	3	352.1	296.8	186
7234	204	1	56	52	0	4	97.9	399.3	190
7235	204	1	56	52	0	5	81.0	379.7	246
7236	204	1	56	52	0	6	61.8	374.2	202
7237	204	1	56	52	0	7	130.2	501.9	232
7238	204	1	56	52	0	8	447.5	449.7	325
7239	204	1	56	52	0	9	557.3	265.5	242
7240	204	1	56	52	0	10	597.7	248.3	203
7241	204	1	56	52	0	11	637.1	229.3	173
7242	204	1	56	52	0	12	749.7	320.6	313
7243	204	1	56	52	0	13	633.8	220.9	216
7244	204	1	56	52	0	14	683.9	154.4	184
7245	204	1	56	52	0	15	717.1	116.0	90
7246	204	1	56	52	0	16	377.5	149.1	153
7247	204	1	56	52	0	17	354.3	282.7	233
7248	204	1	56	52	0	18	350.3	240.3	130
7249	204	1	56	52	0	19	97.5	145.7	213
7250	204	1	56	52	0	20	94.3	48.9	134
7251	204	1	56	52	0	21	109.0	20.5	288
7252	204	1	56	52	0	22	123.6	394.8	191
7253	204	1	56	52	0	23	85.6	365.5	149
7254	204	1	56	52	2	24	320.6	304.2	200
7275	204	1	58	149	1	1	397.8	254.5	310
7276	204	1	58	149	0	2	367.2	167.2	495
7277	204	1	58	149	0	3	297.5	389.3	222
7278	204	1	58	149	0	4	253.8	238.4	210
7279	204	1	58	149	0	5	226.7	159.8	236
7280	204	1	58	149	0	6	394.2	155.5	145
7281	204	1	58	149	0	7	355.3	145.1	204
7282	204	1	58	149	0	8	478.1	394.8	276
7283	204	1	58	149	0	9	465.7	161.5	235
7284	204	1	58	149	0	10	544.2	140.8	161
7285	204	1	58	149	0	11	491.2	156.0	143
7286	204	1	58	149	0	12	374.1	265.8	213
7287	204	1	58	149	0	13	384.8	247.0	103
7288	204	1	58	149	0	14	127.9	250.5	239
7289	204	1	58	149	0	15	209.4	282.0	171
7290	204	1	58	149	0	16	135.9	263.7	204
7291	204	1	58	149	0	17	260.1	392.8	279
7292	204	1	58	149	0	18	287.8	382.0	151
7293	204	1	58	149	0	19	408.0	465.7	107
7294	204	1	58	149	0	20	406.4	484.5	37
7295	204	1	58	149	0	21	433.5	554.6	349
7296	204	1	58	149	0	22	513.9	552.4	211
7297	204	1	58	149	2	23	295.4	525.5	281
7323	204	1	60	6	1	1	397.3	288.9	615
7324	204	1	60	6	0	2	357.4	283.9	190
7325	204	1	60	6	0	3	337.3	175.4	211
7326	204	1	60	6	0	4	195.6	334.9	211
7327	204	1	60	6	0	5	213.8	373.5	439
7328	204	1	60	6	0	6	103.7	390.9	318
7329	204	1	60	6	0	7	399.7	236.4	182
7330	204	1	60	6	0	8	434.8	191.9	258
7331	204	1	60	6	0	9	676.2	384.0	127
7332	204	1	60	6	0	10	708.4	436.7	167
7333	204	1	60	6	0	11	582.9	486.6	156
7334	204	1	60	6	0	12	265.2	495.2	221
7335	204	1	60	6	0	13	251.6	499.7	591
7336	204	1	60	6	0	14	566.5	449.5	144
7337	204	1	60	6	0	15	593.0	224.4	293
7338	204	1	60	6	0	16	614.5	133.5	235
7339	204	1	60	6	0	17	367.7	97.9	174
7340	204	1	60	6	0	18	166.8	149.1	166
7341	204	1	60	6	0	19	62.7	159.3	214
7342	204	1	60	6	0	20	271.0	161.7	214
7343	204	1	60	6	2	21	302.6	154.4	108
7609	204	1	73	129	1	1	399.1	304.9	926
7610	204	1	73	129	0	2	321.7	292.7	153
7611	204	1	73	129	0	3	404.3	496.0	178
7612	204	1	73	129	0	4	370.4	473.7	156
7613	204	1	73	129	0	5	293.1	273.1	241
7614	204	1	73	129	0	6	217.5	285.8	163
7615	204	1	73	129	0	7	281.5	398.4	209
7616	204	1	73	129	0	8	605.4	204.0	217
7617	204	1	73	129	0	9	631.5	150.6	152
7618	204	1	73	129	0	10	720.8	366.4	224
7619	204	1	73	129	0	11	636.5	182.8	232
7620	204	1	73	129	0	12	626.0	139.5	166
7621	204	1	73	129	0	13	619.1	264.1	284
7622	204	1	73	129	0	14	627.2	137.3	297
7623	204	1	73	129	0	15	650.8	138.5	214
7624	204	1	73	129	0	16	671.2	146.2	242
7625	204	1	73	129	0	17	355.6	115.5	96
7626	204	1	73	129	0	18	173.8	120.0	184
7627	204	1	73	129	0	19	131.0	428.1	326
7628	204	1	73	129	0	20	187.2	452.8	184
7629	204	1	73	129	0	21	81.5	334.1	307
7630	204	1	73	129	0	22	288.1	389.5	216
7631	204	1	73	129	2	23	341.2	452.8	383
7911	204	1	87	111	1	1	405.0	276.8	494
7912	204	1	87	111	0	2	459.4	287.4	73
7913	204	1	87	111	0	3	548.2	152.9	216
7914	204	1	87	111	0	4	732.0	143.1	136
7915	204	1	87	111	0	5	784.2	149.5	142
7916	204	1	87	111	0	6	758.7	48.2	275
7917	204	1	87	111	0	7	227.4	361.3	144
7918	204	1	87	111	0	8	213.4	378.1	580
7919	204	1	87	111	0	9	61.7	435.6	173
7920	204	1	87	111	0	10	50.8	355.2	429
7921	204	1	87	111	0	11	32.1	421.5	159
7922	204	1	87	111	0	12	107.8	510.0	155
7923	204	1	87	111	0	13	127.1	526.9	234
7924	204	1	87	111	0	14	180.4	506.0	254
7925	204	1	87	111	0	15	220.2	489.3	137
7926	204	1	87	111	0	16	196.8	438.6	245
7927	204	1	87	111	0	17	153.8	512.7	131
7928	204	1	87	111	0	18	125.6	524.1	217
7929	204	1	87	111	0	19	143.1	507.8	63
7930	204	1	87	111	0	20	58.8	356.7	194
7931	204	1	87	111	0	21	73.3	413.4	228
7932	204	1	87	111	0	22	294.7	340.9	139
7933	204	1	87	111	0	23	352.6	290.6	300
7934	204	1	87	111	2	24	528.2	384.4	412
8167	204	1	99	106	1	1	408.9	272.8	661
8168	204	1	99	106	0	2	354.0	221.1	167
8169	204	1	99	106	0	3	280.7	198.9	189
8170	204	1	99	106	0	4	94.1	289.9	309
8171	204	1	99	106	0	5	49.8	259.5	433
8172	204	1	99	106	0	6	98.1	278.6	272
8173	204	1	99	106	0	7	86.1	369.1	276
8174	204	1	99	106	0	8	36.5	383.4	219
8175	204	1	99	106	0	9	82.4	256.6	123
8176	204	1	99	106	0	10	672.1	499.5	192
8177	204	1	99	106	0	11	742.2	516.3	111
8178	204	1	99	106	0	12	507.7	299.5	265
8179	204	1	99	106	0	13	375.4	316.8	366
8180	204	1	99	106	0	14	399.3	351.2	136
8181	204	1	99	106	0	15	493.4	263.0	196
8182	204	1	99	106	0	16	410.8	358.7	298
8183	204	1	99	106	0	17	405.1	347.9	293
8184	204	1	99	106	0	18	386.9	297.4	77
8185	204	1	99	106	0	19	506.0	246.2	434
8186	204	1	99	106	0	20	581.4	244.5	232
8187	204	1	99	106	2	21	618.3	299.2	393
8319	204	1	106	67	1	1	387.6	276.0	796
8320	204	1	106	67	0	2	362.6	366.9	184
8321	204	1	106	67	0	3	215.1	348.3	276
8322	204	1	106	67	0	4	407.0	354.9	371
8323	204	1	106	67	0	5	529.3	428.3	234
8324	204	1	106	67	0	6	471.7	321.4	229
8325	204	1	106	67	0	7	577.9	290.8	198
8326	204	1	106	67	0	8	728.4	353.3	213
8327	204	1	106	67	0	9	720.2	298.0	255
8328	204	1	106	67	0	10	726.2	286.3	286
8329	204	1	106	67	0	11	526.0	304.6	54
8330	204	1	106	67	0	12	268.5	351.7	323
8331	204	1	106	67	0	13	477.4	320.5	211
8332	204	1	106	67	0	14	578.0	296.7	326
8333	204	1	106	67	0	15	337.4	155.4	227
8334	204	1	106	67	0	16	225.8	199.3	238
8335	204	1	106	67	0	17	131.4	221.9	241
8336	204	1	106	67	0	18	106.2	217.3	249
8337	204	1	106	67	0	19	83.4	406.3	191
8338	204	1	106	67	0	20	80.1	354.8	226
8339	204	1	106	67	2	21	642.2	303.0	293
8631	204	1	120	9	1	1	407.0	292.9	617
8632	204	1	120	9	0	2	325.1	317.5	45
8633	204	1	120	9	0	3	531.2	161.2	174
8634	204	1	120	9	0	4	559.0	146.9	253
8635	204	1	120	9	0	5	575.0	140.1	154
8636	204	1	120	9	0	6	293.0	394.6	287
8637	204	1	120	9	0	7	262.8	394.6	340
8638	204	1	120	9	0	8	157.6	365.9	221
8639	204	1	120	9	0	9	109.0	299.4	262
8640	204	1	120	9	0	10	87.3	260.3	222
8641	204	1	120	9	0	11	123.2	260.5	211
8642	204	1	120	9	0	12	38.6	106.3	366
8643	204	1	120	9	0	13	181.7	114.5	157
8644	204	1	120	9	0	14	340.1	111.2	159
8645	204	1	120	9	0	15	398.8	158.0	270
8646	204	1	120	9	0	16	829.2	458.3	290
8647	204	1	120	9	0	17	773.1	426.8	144
8648	204	1	120	9	0	18	583.1	408.1	213
8649	204	1	120	9	0	19	462.3	554.4	213
8650	204	1	120	9	0	20	415.6	440.9	384
8651	204	1	120	9	0	21	409.5	398.3	335
8652	204	1	120	9	2	22	236.4	418.3	160
8954	204	1	135	150	1	1	405.6	282.5	851
8955	204	1	135	150	0	2	296.4	439.1	187
8956	204	1	135	150	0	3	373.1	535.1	118
8957	204	1	135	150	0	4	384.3	522.5	126
8958	204	1	135	150	0	5	348.8	474.4	312
8959	204	1	135	150	0	6	450.6	586.4	276
8960	204	1	135	150	0	7	475.4	567.6	148
8961	204	1	135	150	0	8	711.3	395.9	188
8962	204	1	135	150	0	9	782.7	392.5	241
8963	204	1	135	150	0	10	557.2	203.2	244
8964	204	1	135	150	0	11	362.9	171.7	266
8965	204	1	135	150	0	12	145.4	215.0	271
8966	204	1	135	150	0	13	88.7	236.2	184
8967	204	1	135	150	0	14	36.9	250.5	138
8968	204	1	135	150	0	15	319.2	161.7	313
8969	204	1	135	150	0	16	48.7	272.6	225
8970	204	1	135	150	0	17	199.2	59.6	296
8971	204	1	135	150	0	18	253.4	38.8	298
8972	204	1	135	150	0	19	187.4	65.0	223
8973	204	1	135	150	0	20	350.6	52.2	130
8974	204	1	135	150	0	21	366.9	39.5	123
8975	204	1	135	150	0	22	166.7	48.7	192
8976	204	1	135	150	2	23	191.6	47.1	248
9637	205	1	18	67	1	1	398.4	303.7	846
9638	205	1	18	67	0	2	363.1	367.8	377
9639	205	1	18	67	0	3	471.6	337.2	176
9640	205	1	18	67	0	4	225.1	372.1	291
9641	205	1	18	67	0	5	172.4	429.0	478
9642	205	1	18	67	0	6	153.1	277.7	94
9643	205	1	18	67	0	7	205.3	113.6	262
9644	205	1	18	67	0	8	403.3	132.8	313
9645	205	1	18	67	0	9	562.5	288.5	218
9646	205	1	18	67	0	10	625.9	320.2	298
9647	205	1	18	67	0	11	724.9	319.2	278
9648	205	1	18	67	0	12	720.3	303.8	678
9649	205	1	18	67	0	13	472.2	301.9	386
9650	205	1	18	67	0	14	444.5	344.2	239
9651	205	1	18	67	0	15	402.2	331.7	141
9652	205	1	18	67	0	16	215.9	334.7	217
9653	205	1	18	67	0	17	90.0	343.0	216
9654	205	1	18	67	0	18	59.6	338.5	132
9655	205	1	18	67	0	19	684.2	313.9	167
9656	205	1	18	67	2	20	719.5	308.4	353
9758	205	1	24	150	1	1	414.7	297.6	894
9759	205	1	24	150	0	2	452.4	283.2	136
9760	205	1	24	150	0	3	376.0	379.0	99
9761	205	1	24	150	0	4	237.1	221.6	305
9762	205	1	24	150	0	5	339.5	485.6	426
9763	205	1	24	150	0	6	412.2	498.6	148
9764	205	1	24	150	0	7	541.1	269.5	204
9765	205	1	24	150	0	8	481.9	281.6	271
9766	205	1	24	150	0	9	637.8	340.4	228
9767	205	1	24	150	0	10	724.3	358.7	425
9768	205	1	24	150	0	11	617.2	409.6	245
9769	205	1	24	150	0	12	376.3	522.3	295
9770	205	1	24	150	0	13	355.1	492.1	181
9771	205	1	24	150	0	14	409.0	578.0	260
9772	205	1	24	150	0	15	167.5	255.1	176
9773	205	1	24	150	0	16	143.1	234.5	304
9774	205	1	24	150	0	17	500.4	274.9	336
9775	205	1	24	150	0	18	467.0	276.3	362
9776	205	1	24	150	0	19	729.8	374.5	295
9777	205	1	24	150	2	20	668.9	372.6	181
9950	205	1	34	85	1	1	419.7	302.9	956
9951	205	1	34	85	0	2	373.4	286.0	151
9952	205	1	34	85	0	3	148.0	158.8	150
9953	205	1	34	85	0	4	119.4	99.6	147
9954	205	1	34	85	0	5	110.3	68.7	393
9955	205	1	34	85	0	6	214.6	230.9	210
9956	205	1	34	85	0	7	429.4	290.5	201
9957	205	1	34	85	0	8	606.2	315.0	639
9958	205	1	34	85	0	9	671.0	475.6	264
9959	205	1	34	85	0	10	701.6	440.0	215
9960	205	1	34	85	0	11	137.4	324.1	165
9961	205	1	34	85	0	12	134.5	187.1	339
9962	205	1	34	85	0	13	123.4	167.1	991
9963	205	1	34	85	0	14	35.0	417.2	482
9964	205	1	34	85	0	15	197.8	362.5	142
9965	205	1	34	85	0	16	135.8	371.7	239
9966	205	1	34	85	2	17	730.7	132.4	246
10113	205	1	43	52	1	1	404.6	301.0	792
10114	205	1	43	52	0	2	509.3	279.7	74
10115	205	1	43	52	0	3	326.2	281.8	134
10116	205	1	43	52	0	4	351.9	271.8	264
10117	205	1	43	52	0	5	363.2	301.1	296
10118	205	1	43	52	0	6	375.6	296.1	311
10119	205	1	43	52	0	7	293.9	350.4	160
10120	205	1	43	52	0	8	301.5	335.1	307
10121	205	1	43	52	0	9	129.4	75.0	117
10122	205	1	43	52	0	10	106.6	26.8	685
10123	205	1	43	52	0	11	715.1	129.7	292
10124	205	1	43	52	0	12	727.7	94.6	310
10125	205	1	43	52	0	13	630.6	527.5	290
10126	205	1	43	52	0	14	575.1	484.0	160
10127	205	1	43	52	0	15	456.9	445.1	282
10128	205	1	43	52	0	16	97.9	457.7	263
10129	205	1	43	52	0	17	71.3	367.8	239
10130	205	1	43	52	0	18	54.5	374.5	462
10131	205	1	43	52	2	19	72.5	99.3	222
10338	205	1	55	6	1	1	404.2	308.6	835
10339	205	1	55	6	0	2	347.5	372.5	203
10340	205	1	55	6	0	3	234.7	564.1	136
10341	205	1	55	6	0	4	239.3	526.6	202
10342	205	1	55	6	0	5	686.4	409.9	177
10343	205	1	55	6	0	6	722.1	439.7	170
10344	205	1	55	6	0	7	658.0	212.3	245
10345	205	1	55	6	0	8	642.0	148.5	235
10346	205	1	55	6	0	9	409.5	226.9	378
10347	205	1	55	6	0	10	395.3	345.6	177
10348	205	1	55	6	0	11	190.9	259.4	237
10349	205	1	55	6	0	12	234.8	98.4	403
10350	205	1	55	6	0	13	213.8	309.1	166
10351	205	1	55	6	0	14	401.0	247.7	230
10352	205	1	55	6	0	15	424.3	173.3	180
10353	205	1	55	6	0	16	654.0	146.5	350
10354	205	1	55	6	0	17	541.6	112.7	351
10355	205	1	55	6	0	18	460.7	92.3	206
10356	205	1	55	6	0	19	250.1	355.3	312
10357	205	1	55	6	0	20	201.8	407.2	292
10358	205	1	55	6	2	21	211.6	376.8	294
10395	205	1	58	37	1	1	399.6	288.9	858
10396	205	1	58	37	0	2	392.6	237.7	74
10397	205	1	58	37	0	3	164.0	124.0	293
10398	205	1	58	37	0	4	165.0	324.0	334
10399	205	1	58	37	0	5	99.1	316.0	296
10400	205	1	58	37	0	6	48.8	314.4	181
10401	205	1	58	37	0	7	45.3	185.6	158
10402	205	1	58	37	0	8	89.4	121.5	437
10403	205	1	58	37	0	9	79.1	364.0	214
10404	205	1	58	37	0	10	101.7	318.4	188
10405	205	1	58	37	0	11	459.1	241.8	267
10406	205	1	58	37	0	12	415.0	228.3	474
10407	205	1	58	37	0	13	378.4	240.4	197
10408	205	1	58	37	0	14	400.2	449.0	324
10409	205	1	58	37	0	15	714.0	349.8	246
10410	205	1	58	37	0	16	751.2	274.2	157
10411	205	1	58	37	0	17	764.8	209.6	332
10412	205	1	58	37	0	18	767.5	117.5	283
10413	205	1	58	37	0	19	604.7	136.5	406
10414	205	1	58	37	2	20	562.8	153.1	192
11054	205	1	93	129	1	1	386.1	311.4	620
11055	205	1	93	129	0	2	418.1	232.8	263
11056	205	1	93	129	0	3	294.6	239.8	141
11057	205	1	93	129	0	4	167.9	86.0	316
11058	205	1	93	129	0	5	553.3	106.7	424
11059	205	1	93	129	0	6	398.7	225.6	261
11060	205	1	93	129	0	7	340.1	132.9	320
11061	205	1	93	129	0	8	601.5	210.1	424
11062	205	1	93	129	0	9	297.4	265.9	279
11063	205	1	93	129	0	10	236.7	283.7	209
11064	205	1	93	129	0	11	220.5	183.9	347
11065	205	1	93	129	0	12	199.6	194.7	160
11066	205	1	93	129	0	13	512.4	253.7	277
11067	205	1	93	129	0	14	463.7	375.4	291
11068	205	1	93	129	0	15	472.4	340.0	431
11069	205	1	93	129	0	16	486.5	381.1	223
11070	205	1	93	129	0	17	380.0	467.4	223
11071	205	1	93	129	0	18	370.9	458.6	177
11072	205	1	93	129	2	19	208.6	521.4	520
11093	205	1	95	149	1	1	384.7	298.1	666
11094	205	1	95	149	0	2	496.2	165.6	546
11095	205	1	95	149	0	3	461.2	174.2	534
11096	205	1	95	149	0	4	673.8	124.5	489
11097	205	1	95	149	0	5	397.1	302.3	185
11098	205	1	95	149	0	6	431.8	298.5	284
11099	205	1	95	149	0	7	400.4	424.0	329
11100	205	1	95	149	0	8	384.6	420.1	140
11101	205	1	95	149	0	9	494.4	178.7	569
11102	205	1	95	149	0	10	250.4	448.4	126
11103	205	1	95	149	0	11	272.4	423.5	290
11104	205	1	95	149	0	12	239.0	489.6	544
11105	205	1	95	149	0	13	309.6	543.7	225
11106	205	1	95	149	0	14	517.2	538.7	212
11107	205	1	95	149	0	15	544.8	519.1	110
11108	205	1	95	149	2	16	512.6	460.0	370
11423	205	1	113	97	1	1	391.8	301.5	564
11424	205	1	113	97	0	2	367.6	279.4	293
11425	205	1	113	97	0	3	546.4	212.9	412
11426	205	1	113	97	0	4	641.3	126.9	242
11427	205	1	113	97	0	5	432.6	181.6	386
11428	205	1	113	97	0	6	341.8	201.3	118
11429	205	1	113	97	0	7	152.3	348.6	422
11430	205	1	113	97	0	8	116.7	431.9	441
11431	205	1	113	97	0	9	179.7	449.3	423
11432	205	1	113	97	0	10	195.2	318.5	151
11433	205	1	113	97	0	11	176.1	311.5	274
11434	205	1	113	97	0	12	175.2	288.1	148
11435	205	1	113	97	0	13	722.8	231.4	452
11436	205	1	113	97	0	14	778.6	179.5	201
11437	205	1	113	97	0	15	676.9	118.3	176
11438	205	1	113	97	0	16	741.2	384.0	329
11439	205	1	113	97	0	17	734.2	423.1	203
11440	205	1	113	97	0	18	614.3	205.0	444
11441	205	1	113	97	2	19	538.2	205.3	154
11480	205	1	116	9	1	1	386.2	298.3	299
11481	205	1	116	9	0	2	436.0	197.2	111
11482	205	1	116	9	0	3	528.2	182.7	231
11483	205	1	116	9	0	4	543.6	158.4	312
11484	205	1	116	9	0	5	253.3	438.2	202
11485	205	1	116	9	0	6	253.7	406.9	287
11486	205	1	116	9	0	7	293.9	390.4	407
11487	205	1	116	9	0	8	459.6	440.2	468
11488	205	1	116	9	0	9	595.4	394.1	164
11489	205	1	116	9	0	10	301.3	192.1	360
11490	205	1	116	9	0	11	336.7	142.9	87
11491	205	1	116	9	0	12	787.7	95.5	420
11492	205	1	116	9	0	13	762.8	82.2	150
11493	205	1	116	9	0	14	93.4	477.3	401
11494	205	1	116	9	0	15	144.2	304.6	203
11495	205	1	116	9	0	16	110.7	299.6	156
11496	205	1	116	9	0	17	108.2	269.2	194
11497	205	1	116	9	0	18	122.0	280.1	404
11498	205	1	116	9	2	19	386.7	174.4	667
11566	205	1	121	107	1	1	387.5	301.7	1134
11567	205	1	121	107	0	2	424.8	184.6	311
11568	205	1	121	107	0	3	627.4	184.3	429
11569	205	1	121	107	0	4	223.1	246.8	155
11570	205	1	121	107	0	5	100.7	328.2	307
11571	205	1	121	107	0	6	351.5	433.0	444
11572	205	1	121	107	0	7	411.9	418.5	274
11573	205	1	121	107	0	8	582.6	528.6	324
11574	205	1	121	107	0	9	369.2	487.2	675
11575	205	1	121	107	0	10	67.9	516.2	166
11576	205	1	121	107	0	11	46.2	508.2	180
11577	205	1	121	107	0	12	146.8	520.2	312
11578	205	1	121	107	0	13	85.8	303.0	859
11579	205	1	121	107	2	14	387.4	167.8	334
11610	205	1	124	112	1	1	400.0	323.1	724
11611	205	1	124	112	0	2	278.9	343.8	168
11612	205	1	124	112	0	3	456.3	374.6	148
11613	205	1	124	112	0	4	189.4	475.3	260
11614	205	1	124	112	0	5	174.1	474.3	772
11615	205	1	124	112	0	6	197.7	525.2	390
11616	205	1	124	112	0	7	529.4	437.0	163
11617	205	1	124	112	0	8	659.4	393.9	194
11618	205	1	124	112	0	9	479.1	375.6	389
11619	205	1	124	112	0	10	483.5	355.8	129
11620	205	1	124	112	0	11	682.6	247.7	153
11621	205	1	124	112	0	12	318.4	196.6	274
11622	205	1	124	112	0	13	224.0	230.2	229
11623	205	1	124	112	0	14	126.9	232.8	373
11624	205	1	124	112	0	15	56.8	307.2	390
11625	205	1	124	112	0	16	566.4	169.1	180
11626	205	1	124	112	0	17	574.5	151.5	119
11627	205	1	124	112	0	18	699.9	151.0	406
11628	205	1	124	112	2	19	517.4	148.7	368
11938	205	1	143	58	1	1	383.7	300.5	786
11939	205	1	143	58	0	2	322.1	268.0	162
11940	205	1	143	58	0	3	316.1	202.2	189
11941	205	1	143	58	0	4	321.6	186.1	414
11942	205	1	143	58	0	5	167.3	131.6	347
11943	205	1	143	58	0	6	385.8	118.1	280
11944	205	1	143	58	0	7	292.3	126.5	248
11945	205	1	143	58	0	8	467.4	86.2	360
11946	205	1	143	58	0	9	800.4	132.9	365
11947	205	1	143	58	0	10	647.0	360.6	316
11948	205	1	143	58	0	11	724.9	454.9	240
11949	205	1	143	58	0	12	735.5	435.5	196
11950	205	1	143	58	0	13	469.5	357.3	168
11951	205	1	143	58	0	14	490.8	369.2	144
11952	205	1	143	58	0	15	484.2	280.0	321
11953	205	1	143	58	0	16	471.2	305.6	283
11954	205	1	143	58	0	17	792.3	137.3	503
11955	205	1	143	58	0	18	317.3	109.1	147
11956	205	1	143	58	2	19	284.6	105.0	255
11974	205	1	145	111	1	1	402.1	301.6	701
11975	205	1	145	111	0	2	384.6	307.8	296
11976	205	1	145	111	0	3	152.4	423.2	197
11977	205	1	145	111	0	4	181.2	387.4	752
11978	205	1	145	111	0	5	32.6	442.3	208
11979	205	1	145	111	0	6	526.7	291.2	221
11980	205	1	145	111	0	7	508.9	274.2	565
11981	205	1	145	111	0	8	496.0	275.0	280
11982	205	1	145	111	0	9	494.1	444.1	407
11983	205	1	145	111	0	10	668.4	362.6	243
11984	205	1	145	111	0	11	681.6	353.1	310
11985	205	1	145	111	0	12	687.6	554.3	368
11986	205	1	145	111	0	13	642.4	204.9	202
11987	205	1	145	111	0	14	708.3	204.4	234
11988	205	1	145	111	0	15	340.6	398.0	198
11989	205	1	145	111	0	16	338.7	496.1	228
11990	205	1	145	111	2	17	344.6	402.9	533
11991	205	1	146	106	1	1	394.1	327.3	847
11992	205	1	146	106	0	2	547.5	289.4	290
11993	205	1	146	106	0	3	388.0	203.1	255
11994	205	1	146	106	0	4	187.9	183.9	185
11995	205	1	146	106	0	5	46.5	270.1	271
11996	205	1	146	106	0	6	33.4	254.5	208
11997	205	1	146	106	0	7	75.7	275.0	228
11998	205	1	146	106	0	8	71.3	451.6	357
11999	205	1	146	106	0	9	26.9	549.3	254
12000	205	1	146	106	0	10	56.8	296.8	223
12001	205	1	146	106	0	11	37.5	287.0	166
12002	205	1	146	106	0	12	341.3	349.9	302
12003	205	1	146	106	0	13	372.9	316.7	463
12004	205	1	146	106	0	14	332.6	388.9	230
12005	205	1	146	106	0	15	493.9	290.6	263
12006	205	1	146	106	0	16	479.4	272.5	482
12007	205	1	146	106	0	17	596.1	266.5	392
12008	205	1	146	106	0	18	592.4	336.4	205
12009	205	1	146	106	0	19	492.6	363.4	216
12010	205	1	146	106	2	20	468.9	372.8	286
12132	206	1	3	37	1	1	410.4	303.9	324
12133	206	1	3	37	0	2	203.4	211.8	122
12134	206	1	3	37	0	3	186.2	133.4	267
12135	206	1	3	37	0	4	235.8	219.4	182
12136	206	1	3	37	0	5	134.5	384.4	170
12137	206	1	3	37	0	6	171.9	486.1	347
12138	206	1	3	37	0	7	246.2	337.2	220
12139	206	1	3	37	0	8	89.5	314.0	192
12140	206	1	3	37	0	9	91.7	299.8	273
12141	206	1	3	37	0	10	78.4	328.4	224
12142	206	1	3	37	0	11	89.5	296.1	187
12143	206	1	3	37	0	12	80.6	121.7	322
12144	206	1	3	37	0	13	87.7	87.8	98
12145	206	1	3	37	0	14	422.4	206.8	213
12146	206	1	3	37	0	15	538.1	219.5	104
12147	206	1	3	37	0	16	703.9	248.3	200
12148	206	1	3	37	0	17	627.1	196.6	162
12149	206	1	3	37	0	18	730.8	237.2	230
12150	206	1	3	37	0	19	721.1	237.1	189
12151	206	1	3	37	0	20	718.0	237.2	151
12152	206	1	3	37	0	21	731.8	394.3	264
12153	206	1	3	37	0	22	714.4	473.0	173
12154	206	1	3	37	0	23	449.8	429.2	262
12155	206	1	3	37	0	24	513.3	422.4	232
12156	206	1	3	37	2	25	520.4	374.2	159
12205	206	1	6	106	1	1	404.9	303.8	305
12206	206	1	6	106	0	2	317.6	238.4	150
12207	206	1	6	106	0	3	242.3	203.2	266
12208	206	1	6	106	0	4	282.6	211.4	143
12209	206	1	6	106	0	5	446.1	303.7	191
12210	206	1	6	106	0	6	490.5	262.1	260
12211	206	1	6	106	0	7	565.9	305.4	491
12212	206	1	6	106	0	8	414.6	343.2	445
12213	206	1	6	106	0	9	442.9	364.7	269
12214	206	1	6	106	0	10	563.8	356.4	299
12215	206	1	6	106	0	11	467.2	279.3	229
12216	206	1	6	106	0	12	496.0	275.7	140
12217	206	1	6	106	0	13	687.5	534.6	143
12218	206	1	6	106	0	14	751.9	569.7	224
12219	206	1	6	106	0	15	182.0	441.5	116
12220	206	1	6	106	0	16	44.6	373.5	161
12221	206	1	6	106	0	17	52.2	285.2	404
12222	206	1	6	106	0	18	173.7	210.2	143
12223	206	1	6	106	0	19	327.1	343.1	214
12224	206	1	6	106	0	20	383.6	339.3	282
12225	206	1	6	106	2	21	415.2	380.8	281
12251	206	1	8	111	1	1	390.3	312.1	324
12252	206	1	8	111	0	2	241.8	400.9	121
12253	206	1	8	111	0	3	190.2	408.3	654
12254	206	1	8	111	0	4	353.5	407.2	331
12255	206	1	8	111	0	5	194.6	423.0	152
12256	206	1	8	111	0	6	188.8	410.5	331
12257	206	1	8	111	0	7	172.5	560.2	197
12258	206	1	8	111	0	8	583.0	343.5	123
12259	206	1	8	111	0	9	566.7	237.6	204
12260	206	1	8	111	0	10	586.6	149.4	159
12261	206	1	8	111	0	11	161.2	197.0	129
12262	206	1	8	111	0	12	21.7	211.2	163
12263	206	1	8	111	0	13	8.3	196.6	82
12264	206	1	8	111	0	14	23.6	366.0	219
12265	206	1	8	111	0	15	18.7	388.7	149
12266	206	1	8	111	0	16	78.5	464.3	148
12267	206	1	8	111	0	17	649.8	218.9	216
12268	206	1	8	111	0	18	557.5	175.4	112
12269	206	1	8	111	0	19	545.2	405.7	168
12270	206	1	8	111	0	20	621.9	411.8	203
12271	206	1	8	111	0	21	649.7	490.6	124
12272	206	1	8	111	0	22	703.0	386.6	186
12273	206	1	8	111	0	23	694.8	387.0	248
12274	206	1	8	111	0	24	732.3	405.0	171
12275	206	1	8	111	2	25	730.2	490.9	317
12365	206	1	13	6	1	1	398.5	293.8	694
12366	206	1	13	6	0	2	416.9	208.0	237
12367	206	1	13	6	0	3	293.2	202.7	129
12368	206	1	13	6	0	4	171.6	376.7	171
12369	206	1	13	6	0	5	196.6	415.8	428
12370	206	1	13	6	0	6	247.0	394.4	636
12371	206	1	13	6	0	7	88.9	421.2	199
12372	206	1	13	6	0	8	271.0	546.3	146
12373	206	1	13	6	0	9	254.4	516.7	246
12374	206	1	13	6	0	10	244.4	521.3	247
12375	206	1	13	6	0	11	579.1	484.2	163
12376	206	1	13	6	0	12	618.0	214.1	202
12377	206	1	13	6	0	13	658.8	248.6	284
12378	206	1	13	6	0	14	639.4	169.5	221
12379	206	1	13	6	0	15	539.4	99.1	180
12380	206	1	13	6	0	16	228.6	114.2	873
12381	206	1	13	6	2	17	517.5	250.8	388
12452	206	1	17	129	1	1	403.1	288.0	951
12453	206	1	17	129	0	2	289.6	206.2	129
12454	206	1	17	129	0	3	168.4	223.3	109
12455	206	1	17	129	0	4	65.5	342.1	168
12456	206	1	17	129	0	5	268.0	404.9	160
12457	206	1	17	129	0	6	512.6	438.4	193
12458	206	1	17	129	0	7	403.5	473.9	135
12459	206	1	17	129	0	8	354.7	488.0	128
12460	206	1	17	129	0	9	372.2	492.0	141
12461	206	1	17	129	0	10	581.9	499.3	242
12462	206	1	17	129	0	11	656.7	524.4	136
12463	206	1	17	129	0	12	608.0	268.9	253
12464	206	1	17	129	0	13	521.7	243.9	215
12465	206	1	17	129	0	14	507.3	317.6	36
12466	206	1	17	129	0	15	665.3	372.0	212
12467	206	1	17	129	0	16	726.3	364.9	548
12468	206	1	17	129	0	17	445.7	452.4	164
12469	206	1	17	129	0	18	368.0	465.3	96
12470	206	1	17	129	0	19	676.3	346.7	264
12471	206	1	17	129	0	20	398.0	223.0	273
12472	206	1	17	129	0	21	232.9	214.1	238
12473	206	1	17	129	0	22	500.9	246.3	195
12474	206	1	17	129	0	23	525.7	233.4	181
12475	206	1	17	129	2	24	274.8	169.0	241
12749	206	1	32	149	1	1	403.3	313.0	796
12750	206	1	32	149	0	2	346.5	242.5	321
12751	206	1	32	149	0	3	476.0	202.7	220
12752	206	1	32	149	0	4	257.5	192.2	162
12753	206	1	32	149	0	5	157.0	189.8	234
12754	206	1	32	149	0	6	138.4	234.2	326
12755	206	1	32	149	0	7	75.4	225.5	192
12756	206	1	32	149	0	8	36.4	218.6	434
12757	206	1	32	149	0	9	250.7	177.1	116
12758	206	1	32	149	0	10	343.8	178.1	258
12759	206	1	32	149	0	11	373.5	190.8	407
12760	206	1	32	149	0	12	492.9	182.3	432
12761	206	1	32	149	0	13	631.9	157.0	199
12762	206	1	32	149	0	14	508.6	164.9	66
12763	206	1	32	149	0	15	508.8	188.8	231
12764	206	1	32	149	0	16	500.4	217.6	335
12765	206	1	32	149	0	17	656.9	154.4	134
12766	206	1	32	149	0	18	417.5	465.4	135
12767	206	1	32	149	0	19	256.4	481.5	176
12768	206	1	32	149	2	20	268.3	434.6	306
13099	206	1	50	67	1	1	373.1	320.0	1248
13100	206	1	50	67	0	2	383.7	390.4	225
13101	206	1	50	67	0	3	481.7	407.6	208
13102	206	1	50	67	0	4	377.3	409.3	154
13103	206	1	50	67	0	5	254.0	249.1	391
13104	206	1	50	67	0	6	191.0	238.0	279
13105	206	1	50	67	0	7	176.8	259.1	327
13106	206	1	50	67	0	8	236.3	365.5	272
13107	206	1	50	67	0	9	454.7	368.6	204
13108	206	1	50	67	0	10	533.9	371.8	174
13109	206	1	50	67	0	11	683.5	400.0	216
13110	206	1	50	67	0	12	717.5	434.0	209
13111	206	1	50	67	0	13	713.3	303.8	178
13112	206	1	50	67	0	14	486.9	210.4	130
13113	206	1	50	67	0	15	423.0	148.9	151
13114	206	1	50	67	0	16	206.6	173.3	446
13115	206	1	50	67	0	17	51.7	386.5	208
13116	206	1	50	67	0	18	-2.7	490.4	378
13117	206	1	50	67	0	19	22.9	482.7	91
13118	206	1	50	67	0	20	347.9	444.7	207
13119	206	1	50	67	0	21	538.7	486.4	213
13120	206	1	50	67	2	22	569.0	522.3	258
13337	206	1	62	9	1	1	395.8	307.7	690
13338	206	1	62	9	0	2	318.7	334.5	72
13339	206	1	62	9	0	3	499.2	177.7	202
13340	206	1	62	9	0	4	528.1	168.1	523
13341	206	1	62	9	0	5	309.4	382.1	223
13342	206	1	62	9	0	6	393.8	423.3	143
13343	206	1	62	9	0	7	295.5	373.0	301
13344	206	1	62	9	0	8	310.7	382.0	323
13345	206	1	62	9	0	9	325.8	392.2	178
13346	206	1	62	9	0	10	268.1	392.8	309
13347	206	1	62	9	0	11	249.7	385.3	377
13348	206	1	62	9	0	12	237.6	397.8	180
13349	206	1	62	9	0	13	104.0	540.6	208
13350	206	1	62	9	0	14	425.4	483.6	111
13351	206	1	62	9	0	15	398.1	332.0	31
13352	206	1	62	9	0	16	407.5	249.3	116
13353	206	1	62	9	0	17	144.7	269.4	165
13354	206	1	62	9	0	18	102.5	288.5	196
13355	206	1	62	9	0	19	82.6	296.4	282
13356	206	1	62	9	0	20	47.1	280.3	196
13357	206	1	62	9	0	21	56.4	275.6	143
13358	206	1	62	9	0	22	113.3	272.5	384
13359	206	1	62	9	0	23	141.2	342.4	269
13360	206	1	62	9	2	24	120.0	319.6	277
13947	206	1	94	112	1	1	381.8	315.2	1051
13948	206	1	94	112	0	2	221.2	431.5	619
13949	206	1	94	112	0	3	152.3	432.0	111
13950	206	1	94	112	0	4	157.0	461.9	224
13951	206	1	94	112	0	5	192.4	451.0	330
13952	206	1	94	112	0	6	265.0	390.0	337
13953	206	1	94	112	0	7	262.2	362.3	439
13954	206	1	94	112	0	8	177.5	424.7	356
13955	206	1	94	112	0	9	149.0	434.4	325
13956	206	1	94	112	0	10	184.2	480.0	385
13957	206	1	94	112	0	11	208.3	374.1	233
13958	206	1	94	112	0	12	175.3	194.5	206
13959	206	1	94	112	0	13	332.6	218.9	170
13960	206	1	94	112	0	14	508.7	230.1	225
13961	206	1	94	112	0	15	517.5	154.5	270
13962	206	1	94	112	0	16	686.6	287.3	208
13963	206	1	94	112	2	17	677.8	354.2	197
14231	206	1	109	85	1	1	380.7	319.6	808
14232	206	1	109	85	0	2	605.9	292.6	218
14233	206	1	109	85	0	3	409.5	143.3	284
14234	206	1	109	85	0	4	134.3	116.3	187
14235	206	1	109	85	0	5	414.0	275.0	687
14236	206	1	109	85	0	6	506.3	314.2	178
14237	206	1	109	85	0	7	612.3	317.9	261
14238	206	1	109	85	0	8	692.5	455.3	499
14239	206	1	109	85	0	9	712.3	442.5	204
14240	206	1	109	85	0	10	549.4	304.5	147
14241	206	1	109	85	0	11	549.3	248.7	93
14242	206	1	109	85	0	12	158.9	195.0	107
14243	206	1	109	85	0	13	99.1	126.6	169
14244	206	1	109	85	0	14	128.2	321.7	177
14245	206	1	109	85	0	15	118.1	364.1	185
14246	206	1	109	85	0	16	107.1	383.0	138
14247	206	1	109	85	0	17	666.1	484.5	213
14248	206	1	109	85	0	18	684.9	469.0	368
14249	206	1	109	85	0	19	574.7	345.9	171
14250	206	1	109	85	0	20	372.9	293.3	251
14251	206	1	109	85	2	21	355.8	284.7	288
14619	206	1	133	58	1	1	356.2	325.6	896
14620	206	1	133	58	0	2	272.9	251.4	579
14621	206	1	133	58	0	3	170.9	144.3	74
14622	206	1	133	58	0	4	118.6	126.3	224
14623	206	1	133	58	0	5	137.7	140.2	209
14624	206	1	133	58	0	6	61.9	274.2	254
14625	206	1	133	58	0	7	111.6	347.2	137
14626	206	1	133	58	0	8	514.3	343.3	395
14627	206	1	133	58	0	9	455.9	322.8	374
14628	206	1	133	58	0	10	603.0	392.5	309
14629	206	1	133	58	0	11	646.6	347.1	244
14630	206	1	133	58	0	12	366.3	116.5	231
14631	206	1	133	58	0	13	326.6	97.7	285
14632	206	1	133	58	0	14	131.8	138.0	224
14633	206	1	133	58	0	15	540.3	183.1	264
14634	206	1	133	58	0	16	575.0	270.7	176
14635	206	1	133	58	0	17	504.4	296.5	200
14636	206	1	133	58	0	18	466.6	310.1	155
14637	206	1	133	58	0	19	500.4	170.3	24
14638	206	1	133	58	0	20	551.0	137.2	275
14639	206	1	133	58	0	21	600.8	158.8	196
14640	206	1	133	58	2	22	641.6	160.6	136
14641	206	1	134	107	1	1	354.9	327.3	912
14642	206	1	134	107	0	2	262.2	304.1	228
14643	206	1	134	107	0	3	144.9	308.1	250
14644	206	1	134	107	0	4	57.3	353.0	242
14645	206	1	134	107	0	5	22.1	342.2	188
14646	206	1	134	107	0	6	20.4	197.8	148
14647	206	1	134	107	0	7	91.6	128.2	320
14648	206	1	134	107	0	8	98.9	161.4	234
14649	206	1	134	107	0	9	163.7	129.9	287
14650	206	1	134	107	0	10	189.1	93.5	278
14651	206	1	134	107	0	11	354.8	114.2	155
14652	206	1	134	107	0	12	161.3	82.6	182
14653	206	1	134	107	0	13	76.8	88.4	224
14654	206	1	134	107	0	14	34.5	72.7	99
14655	206	1	134	107	0	15	395.7	143.5	185
14656	206	1	134	107	0	16	485.6	156.7	130
14657	206	1	134	107	0	17	318.0	169.8	258
14658	206	1	134	107	0	18	377.3	352.2	166
14659	206	1	134	107	0	19	367.0	398.8	141
14660	206	1	134	107	0	20	455.9	336.3	197
14661	206	1	134	107	0	21	529.2	154.5	80
14662	206	1	134	107	0	22	53.1	88.4	193
14663	206	1	134	107	0	23	42.7	77.4	291
14664	206	1	134	107	2	24	122.7	84.2	249
14665	206	1	135	52	1	1	351.8	326.7	874
14666	206	1	135	52	0	2	329.8	310.7	181
14667	206	1	135	52	0	3	316.0	292.9	229
14668	206	1	135	52	0	4	268.6	314.8	125
14669	206	1	135	52	0	5	318.8	318.8	401
14670	206	1	135	52	0	6	222.9	368.3	158
14671	206	1	135	52	0	7	234.0	363.9	182
14672	206	1	135	52	0	8	28.3	387.6	228
14673	206	1	135	52	0	9	12.7	398.5	331
14674	206	1	135	52	0	10	2.9	402.8	121
14675	206	1	135	52	0	11	499.5	306.3	142
14676	206	1	135	52	0	12	550.5	277.5	171
14677	206	1	135	52	0	13	644.3	233.6	187
14678	206	1	135	52	0	14	629.4	225.9	221
14679	206	1	135	52	0	15	464.4	436.8	184
14680	206	1	135	52	0	16	475.0	491.8	229
14681	206	1	135	52	0	17	114.1	477.0	225
14682	206	1	135	52	0	18	97.7	363.1	33
14683	206	1	135	52	0	19	153.2	164.5	200
14684	206	1	135	52	0	20	92.5	81.8	141
14685	206	1	135	52	0	21	71.2	64.4	390
14686	206	1	135	52	0	22	340.8	305.2	187
14687	206	1	135	52	0	23	302.2	307.8	339
14688	206	1	135	52	2	24	292.8	326.0	393
14689	206	1	136	150	1	1	345.3	325.6	1403
14690	206	1	136	150	0	2	395.0	282.9	250
14691	206	1	136	150	0	3	327.5	451.2	130
14692	206	1	136	150	0	4	347.2	515.5	267
14693	206	1	136	150	0	5	248.2	429.3	160
14694	206	1	136	150	0	6	135.1	244.9	222
14695	206	1	136	150	0	7	105.9	233.3	207
14696	206	1	136	150	0	8	17.3	246.9	261
14697	206	1	136	150	0	9	475.8	281.1	202
14698	206	1	136	150	0	10	436.3	264.7	199
14699	206	1	136	150	0	11	528.3	277.6	223
14700	206	1	136	150	0	12	544.4	283.9	51
14701	206	1	136	150	0	13	202.5	95.4	233
14702	206	1	136	150	0	14	318.0	113.5	209
14703	206	1	136	150	0	15	216.0	73.0	510
14704	206	1	136	150	0	16	397.2	245.9	199
14705	206	1	136	150	0	17	520.1	245.6	225
14706	206	1	136	150	0	18	570.6	256.6	237
14707	206	1	136	150	0	19	503.4	276.6	101
14708	206	1	136	150	0	20	656.2	519.7	37
14709	206	1	136	150	0	21	687.4	352.5	401
14710	206	1	136	150	2	22	479.6	311.8	217
14743	206	1	139	97	1	1	354.0	319.3	838
14744	206	1	139	97	0	2	191.1	341.7	132
14745	206	1	139	97	0	3	140.6	373.9	239
14746	206	1	139	97	0	4	124.4	368.5	147
14747	206	1	139	97	0	5	175.1	236.9	190
14748	206	1	139	97	0	6	241.8	217.8	175
14749	206	1	139	97	0	7	467.9	232.3	237
14750	206	1	139	97	0	8	518.1	236.2	161
14751	206	1	139	97	0	9	604.8	252.1	198
14752	206	1	139	97	0	10	708.6	295.4	310
14753	206	1	139	97	0	11	672.5	346.4	466
14754	206	1	139	97	0	12	689.3	403.8	244
14755	206	1	139	97	0	13	264.4	254.6	435
14756	206	1	139	97	0	14	318.0	262.8	165
14757	206	1	139	97	0	15	334.0	266.3	198
14758	206	1	139	97	0	16	463.0	231.2	151
14759	206	1	139	97	0	17	558.3	198.2	323
14760	206	1	139	97	0	18	560.7	158.0	212
14761	206	1	139	97	0	19	303.6	327.5	381
14762	206	1	139	97	0	20	324.1	343.4	171
14763	206	1	139	97	0	21	334.3	355.5	206
14764	206	1	139	97	2	22	322.9	504.8	85
15147	207	1	8	112	1	1	418.0	301.7	897
15148	207	1	8	112	0	2	301.1	414.5	213
15149	207	1	8	112	0	3	197.7	428.3	185
15150	207	1	8	112	0	4	166.9	424.1	807
15151	207	1	8	112	0	5	210.6	214.2	235
15152	207	1	8	112	0	6	275.2	215.1	185
15153	207	1	8	112	0	7	511.4	212.4	252
15154	207	1	8	112	0	8	503.6	273.7	136
15155	207	1	8	112	0	9	648.4	404.8	368
15156	207	1	8	112	0	10	686.8	390.4	131
15157	207	1	8	112	0	11	666.5	193.2	219
15158	207	1	8	112	0	12	674.6	146.2	189
15159	207	1	8	112	0	13	686.9	126.2	130
15160	207	1	8	112	0	14	504.4	146.7	258
15161	207	1	8	112	0	15	407.2	337.3	232
15162	207	1	8	112	0	16	448.6	362.8	338
15163	207	1	8	112	0	17	298.4	416.5	192
15164	207	1	8	112	0	18	203.8	456.9	183
15165	207	1	8	112	0	19	178.4	438.5	352
15166	207	1	8	112	0	20	209.9	490.2	153
15167	207	1	8	112	2	21	515.4	603.4	503
15580	207	1	29	6	1	1	392.6	300.2	282
15581	207	1	29	6	0	2	235.3	323.7	154
15582	207	1	29	6	0	3	190.2	396.6	259
15583	207	1	29	6	0	4	249.8	563.8	216
15584	207	1	29	6	0	5	236.3	535.9	415
15585	207	1	29	6	0	6	678.7	484.9	181
15586	207	1	29	6	0	7	704.8	469.8	307
15587	207	1	29	6	0	8	635.6	288.9	284
15588	207	1	29	6	0	9	622.0	276.0	253
15589	207	1	29	6	0	10	407.6	328.7	295
15590	207	1	29	6	0	11	233.8	357.5	263
15591	207	1	29	6	0	12	199.0	386.9	233
15592	207	1	29	6	0	13	204.7	413.3	576
15593	207	1	29	6	0	14	203.9	389.6	147
15594	207	1	29	6	0	15	186.8	276.1	332
15595	207	1	29	6	0	16	274.4	536.8	188
15596	207	1	29	6	0	17	569.6	237.4	237
15597	207	1	29	6	0	18	667.7	218.6	132
15598	207	1	29	6	0	19	443.3	201.5	242
15599	207	1	29	6	2	20	346.6	157.5	539
15691	207	1	35	106	1	1	400.6	309.8	852
15692	207	1	35	106	0	2	335.4	393.1	205
15693	207	1	35	106	0	3	279.8	250.2	277
15694	207	1	35	106	0	4	566.5	302.1	254
15695	207	1	35	106	0	5	593.0	302.2	364
15696	207	1	35	106	0	6	370.2	371.8	342
15697	207	1	35	106	0	7	321.4	369.5	358
15698	207	1	35	106	0	8	387.7	328.8	356
15699	207	1	35	106	0	9	346.9	359.8	264
15700	207	1	35	106	0	10	310.7	377.0	208
15701	207	1	35	106	0	11	284.5	250.6	261
15702	207	1	35	106	0	12	584.7	294.0	328
15703	207	1	35	106	0	13	504.5	379.6	292
15704	207	1	35	106	0	14	401.7	413.8	174
15705	207	1	35	106	0	15	215.7	465.1	203
15706	207	1	35	106	0	16	84.6	341.3	406
15707	207	1	35	106	0	17	82.0	277.0	513
15708	207	1	35	106	0	18	54.4	304.8	314
15709	207	1	35	106	2	19	35.8	258.5	245
15861	207	1	44	111	1	1	417.5	321.1	766
15862	207	1	44	111	0	2	414.4	352.5	120
15863	207	1	44	111	0	3	253.5	441.6	139
15864	207	1	44	111	0	4	204.0	412.4	1522
15865	207	1	44	111	0	5	346.9	479.9	150
15866	207	1	44	111	0	6	520.7	470.8	200
15867	207	1	44	111	0	7	626.9	394.0	168
15868	207	1	44	111	0	8	673.2	303.0	160
15869	207	1	44	111	0	9	727.6	389.7	158
15870	207	1	44	111	0	10	726.5	373.4	167
15871	207	1	44	111	0	11	528.4	373.9	291
15872	207	1	44	111	0	12	777.6	215.6	165
15873	207	1	44	111	0	13	749.4	197.9	238
15874	207	1	44	111	0	14	607.0	204.1	135
15875	207	1	44	111	0	15	466.4	361.1	353
15876	207	1	44	111	0	16	533.6	292.0	272
15877	207	1	44	111	0	17	508.6	506.3	202
15878	207	1	44	111	0	18	447.3	578.9	257
15879	207	1	44	111	0	19	645.7	619.0	164
15880	207	1	44	111	2	20	709.7	611.4	209
16642	207	1	85	58	1	1	397.8	323.1	807
16643	207	1	85	58	0	2	278.0	331.3	198
16644	207	1	85	58	0	3	311.2	264.6	238
16645	207	1	85	58	0	4	164.3	202.7	381
16646	207	1	85	58	0	5	296.6	287.9	278
16647	207	1	85	58	0	6	300.5	335.4	208
16648	207	1	85	58	0	7	359.4	223.8	256
16649	207	1	85	58	0	8	343.4	204.9	451
16650	207	1	85	58	0	9	346.3	248.7	413
16651	207	1	85	58	0	10	281.5	358.3	403
16652	207	1	85	58	0	11	265.9	302.5	495
16653	207	1	85	58	0	12	529.2	396.7	274
16654	207	1	85	58	0	13	628.8	434.3	572
16655	207	1	85	58	0	14	626.8	441.1	301
16656	207	1	85	58	0	15	429.6	300.7	309
16657	207	1	85	58	0	16	477.5	332.5	141
16658	207	1	85	58	2	17	289.7	338.8	547
16974	207	1	102	107	1	1	386.9	303.1	861
16975	207	1	102	107	0	2	350.9	363.6	195
16976	207	1	102	107	0	3	346.1	414.3	230
16977	207	1	102	107	0	4	153.5	495.4	256
16978	207	1	102	107	0	5	116.1	327.6	263
16979	207	1	102	107	0	6	435.6	374.1	226
16980	207	1	102	107	0	7	459.9	353.1	192
16981	207	1	102	107	0	8	325.9	162.4	229
16982	207	1	102	107	0	9	268.5	140.9	191
16983	207	1	102	107	0	10	169.8	83.1	172
16984	207	1	102	107	0	11	104.2	48.3	318
16985	207	1	102	107	0	12	202.0	90.2	80
16986	207	1	102	107	0	13	407.1	209.5	262
16987	207	1	102	107	0	14	446.2	408.3	360
16988	207	1	102	107	0	15	382.2	387.2	468
16989	207	1	102	107	0	16	334.4	441.4	417
16990	207	1	102	107	0	17	479.6	333.0	735
16991	207	1	102	107	0	18	492.5	264.3	329
16992	207	1	102	107	2	19	426.4	195.5	342
17014	207	1	104	129	1	1	398.0	295.2	904
17015	207	1	104	129	0	2	384.9	345.2	204
17016	207	1	104	129	0	3	278.9	381.3	121
17017	207	1	104	129	0	4	128.7	292.5	218
17018	207	1	104	129	0	5	377.1	442.3	242
17019	207	1	104	129	0	6	348.6	494.9	213
17020	207	1	104	129	0	7	374.4	452.1	376
17021	207	1	104	129	0	8	447.0	447.1	202
17022	207	1	104	129	0	9	384.9	452.2	146
17023	207	1	104	129	0	10	490.3	221.1	143
17024	207	1	104	129	0	11	588.9	112.8	329
17025	207	1	104	129	0	12	446.3	157.3	208
17026	207	1	104	129	0	13	450.1	263.6	230
17027	207	1	104	129	0	14	529.6	278.2	183
17028	207	1	104	129	0	15	621.3	198.8	316
17029	207	1	104	129	0	16	534.6	277.8	269
17030	207	1	104	129	0	17	645.3	155.0	492
17031	207	1	104	129	0	18	532.8	259.4	323
17032	207	1	104	129	0	19	299.6	365.1	266
17033	207	1	104	129	0	20	550.6	360.9	253
17034	207	1	104	129	2	21	640.9	366.3	220
17066	207	1	107	52	1	1	401.8	322.5	692
17067	207	1	107	52	0	2	343.3	312.6	170
17068	207	1	107	52	0	3	351.4	292.3	225
17069	207	1	107	52	0	4	344.5	319.5	264
17070	207	1	107	52	0	5	98.5	367.8	198
17071	207	1	107	52	0	6	78.9	372.8	528
17072	207	1	107	52	0	7	446.7	332.5	343
17073	207	1	107	52	0	8	461.5	346.0	247
17074	207	1	107	52	0	9	560.4	341.7	233
17075	207	1	107	52	0	10	403.6	333.6	178
17076	207	1	107	52	0	11	373.0	313.5	457
17077	207	1	107	52	0	12	356.9	333.5	171
17078	207	1	107	52	0	13	355.3	412.7	267
17079	207	1	107	52	0	14	416.4	454.1	253
17080	207	1	107	52	0	15	499.3	475.2	301
17081	207	1	107	52	0	16	546.2	506.0	125
17082	207	1	107	52	0	17	196.7	446.6	199
17083	207	1	107	52	0	18	97.8	374.3	173
17084	207	1	107	52	0	19	63.8	369.7	270
17085	207	1	107	52	0	20	341.4	329.1	207
17086	207	1	107	52	0	21	292.9	338.2	290
17087	207	1	107	52	2	22	337.1	313.3	379
17194	207	1	114	67	1	1	402.0	302.2	862
17195	207	1	114	67	0	2	390.0	353.7	218
17196	207	1	114	67	0	3	366.7	373.3	143
17197	207	1	114	67	0	4	232.3	350.5	405
17198	207	1	114	67	0	5	211.6	374.6	174
17199	207	1	114	67	0	6	276.5	194.4	158
17200	207	1	114	67	0	7	543.8	232.0	324
17201	207	1	114	67	0	8	517.9	350.4	176
17202	207	1	114	67	0	9	223.5	368.1	463
17203	207	1	114	67	0	10	94.7	455.0	587
17204	207	1	114	67	0	11	239.6	361.1	408
17205	207	1	114	67	0	12	390.3	412.2	362
17206	207	1	114	67	0	13	524.6	435.5	778
17207	207	1	114	67	0	14	247.0	380.7	773
17208	207	1	114	67	2	15	218.2	374.8	546
17339	207	1	122	149	1	1	394.6	298.0	900
17340	207	1	122	149	0	2	421.6	226.7	260
17341	207	1	122	149	0	3	352.4	381.4	348
17342	207	1	122	149	0	4	311.2	293.4	284
17343	207	1	122	149	0	5	331.8	287.7	146
17344	207	1	122	149	0	6	315.1	225.7	132
17345	207	1	122	149	0	7	275.9	494.0	269
17346	207	1	122	149	0	8	292.1	562.2	207
17347	207	1	122	149	0	9	196.6	494.3	287
17348	207	1	122	149	0	10	178.0	516.2	134
17349	207	1	122	149	0	11	187.9	570.2	154
17350	207	1	122	149	0	12	525.7	579.4	180
17351	207	1	122	149	0	13	639.4	573.5	184
17352	207	1	122	149	0	14	650.5	424.4	300
17353	207	1	122	149	0	15	500.1	438.9	314
17354	207	1	122	149	0	16	378.6	437.2	423
17355	207	1	122	149	0	17	128.6	438.4	411
17356	207	1	122	149	0	18	132.2	311.0	272
17357	207	1	122	149	0	19	168.2	259.5	214
17358	207	1	122	149	0	20	138.9	288.2	220
17359	207	1	122	149	2	21	165.0	175.2	286
17441	207	1	128	150	1	1	398.3	321.9	924
17442	207	1	128	150	0	2	426.0	303.8	217
17443	207	1	128	150	0	3	389.6	481.2	286
17444	207	1	128	150	0	4	400.2	531.6	159
17445	207	1	128	150	0	5	431.7	569.1	503
17446	207	1	128	150	0	6	641.2	514.6	274
17447	207	1	128	150	0	7	692.6	469.7	180
17448	207	1	128	150	0	8	687.0	408.9	183
17449	207	1	128	150	0	9	536.4	411.2	273
17450	207	1	128	150	0	10	417.8	260.0	264
17451	207	1	128	150	0	11	422.5	303.1	214
17452	207	1	128	150	0	12	472.1	291.8	174
17453	207	1	128	150	0	13	301.5	201.1	208
17454	207	1	128	150	0	14	102.1	252.6	259
17455	207	1	128	150	0	15	126.4	258.9	197
17456	207	1	128	150	0	16	382.3	236.3	155
17457	207	1	128	150	0	17	350.6	193.3	151
17458	207	1	128	150	0	18	543.9	255.5	415
17459	207	1	128	150	0	19	512.2	261.4	224
17460	207	1	128	150	0	20	422.3	234.9	190
17461	207	1	128	150	2	21	443.3	221.6	822
17462	207	1	129	97	1	1	397.0	324.4	1045
17463	207	1	129	97	0	2	180.6	370.0	264
17464	207	1	129	97	0	3	496.5	306.7	266
17465	207	1	129	97	0	4	524.1	320.7	260
17466	207	1	129	97	0	5	419.4	207.7	242
17467	207	1	129	97	0	6	304.0	322.5	329
17468	207	1	129	97	0	7	206.9	382.0	350
17469	207	1	129	97	0	8	192.0	433.1	164
17470	207	1	129	97	0	9	137.5	404.3	292
17471	207	1	129	97	0	10	175.4	267.3	379
17472	207	1	129	97	0	11	726.3	300.4	378
17473	207	1	129	97	0	12	703.7	368.9	344
17474	207	1	129	97	0	13	688.2	329.4	516
17475	207	1	129	97	0	14	708.9	427.2	374
17476	207	1	129	97	0	15	317.2	349.9	465
17477	207	1	129	97	2	16	256.5	341.3	463
17573	207	1	136	37	1	1	402.1	322.7	861
17574	207	1	136	37	0	2	198.7	325.3	255
17575	207	1	136	37	0	3	157.7	344.3	625
17576	207	1	136	37	0	4	145.4	340.6	186
17577	207	1	136	37	0	5	217.7	206.6	496
17578	207	1	136	37	0	6	567.6	302.3	283
17579	207	1	136	37	0	7	650.3	291.1	249
17580	207	1	136	37	0	8	687.1	359.8	234
17581	207	1	136	37	0	9	239.7	290.0	181
17582	207	1	136	37	0	10	205.8	271.3	272
17583	207	1	136	37	0	11	153.6	356.4	291
17584	207	1	136	37	0	12	421.1	279.7	328
17585	207	1	136	37	0	13	490.1	280.2	635
17586	207	1	136	37	0	14	481.2	399.6	314
17587	207	1	136	37	0	15	482.2	444.5	802
17588	207	1	136	37	2	16	697.0	391.8	304
17609	207	1	138	85	1	1	402.5	340.6	582
17610	207	1	138	85	0	2	374.8	320.5	155
17611	207	1	138	85	0	3	148.3	285.2	185
17612	207	1	138	85	0	4	139.6	64.8	378
17613	207	1	138	85	0	5	161.5	336.3	182
17614	207	1	138	85	0	6	231.0	373.7	345
17615	207	1	138	85	0	7	228.7	351.7	209
17616	207	1	138	85	0	8	658.1	502.6	268
17617	207	1	138	85	0	9	684.3	513.5	118
17618	207	1	138	85	0	10	681.5	445.3	219
17619	207	1	138	85	0	11	717.8	442.5	113
17620	207	1	138	85	0	12	587.8	288.6	259
17621	207	1	138	85	0	13	598.7	246.8	284
17622	207	1	138	85	0	14	624.3	237.2	122
17623	207	1	138	85	0	15	405.7	151.0	410
17624	207	1	138	85	0	16	403.9	163.0	304
17625	207	1	138	85	0	17	469.1	200.4	147
17626	207	1	138	85	0	18	610.9	215.0	364
17627	207	1	138	85	0	19	606.6	249.2	259
17628	207	1	138	85	2	20	404.2	177.8	802
17643	207	1	140	9	1	1	402.8	330.1	807
17644	207	1	140	9	0	2	313.3	354.0	177
17645	207	1	140	9	0	3	547.4	171.1	966
17646	207	1	140	9	0	4	612.2	204.9	233
17647	207	1	140	9	0	5	307.1	388.1	416
17648	207	1	140	9	0	6	276.6	385.0	335
17649	207	1	140	9	0	7	340.4	386.8	467
17650	207	1	140	9	0	8	289.6	387.8	286
17651	207	1	140	9	0	9	247.6	345.3	220
17652	207	1	140	9	0	10	135.7	323.5	172
17653	207	1	140	9	0	11	115.7	313.5	286
17654	207	1	140	9	0	12	94.7	311.8	173
17655	207	1	140	9	0	13	75.3	285.3	287
17656	207	1	140	9	0	14	123.1	289.6	397
17657	207	1	140	9	0	15	148.1	351.4	528
17658	207	1	140	9	0	16	309.8	421.5	236
17659	207	1	140	9	2	17	511.4	470.8	255
17893	208	1	3	6	1	1	388.3	307.4	725
17894	208	1	3	6	0	2	359.0	282.5	178
17895	208	1	3	6	0	3	409.2	248.5	232
17896	208	1	3	6	0	4	483.0	255.4	252
17897	208	1	3	6	0	5	693.0	207.5	261
17898	208	1	3	6	0	6	644.4	225.6	117
17899	208	1	3	6	0	7	419.6	273.0	281
17900	208	1	3	6	0	8	408.5	344.2	131
17901	208	1	3	6	0	9	161.0	410.3	239
17902	208	1	3	6	0	10	222.3	413.0	260
17903	208	1	3	6	0	11	260.0	527.9	584
17904	208	1	3	6	0	12	611.2	517.3	500
17905	208	1	3	6	0	13	633.3	282.3	209
17906	208	1	3	6	0	14	627.2	295.3	161
17907	208	1	3	6	0	15	677.7	260.5	131
17908	208	1	3	6	0	16	375.9	172.9	171
17909	208	1	3	6	0	17	318.5	137.2	97
17910	208	1	3	6	0	18	479.5	69.3	297
17911	208	1	3	6	0	19	507.1	102.3	120
17912	208	1	3	6	0	20	90.0	270.8	219
17913	208	1	3	6	0	21	22.7	238.2	100
17914	208	1	3	6	0	22	24.1	177.9	389
17915	208	1	3	6	2	23	426.7	233.0	370
18226	208	1	17	106	1	1	392.7	316.7	419
18227	208	1	17	106	0	2	368.3	347.9	177
18228	208	1	17	106	0	3	240.7	179.2	212
18229	208	1	17	106	0	4	152.1	173.3	146
18230	208	1	17	106	0	5	48.9	280.1	325
18231	208	1	17	106	0	6	11.9	244.8	224
18232	208	1	17	106	0	7	521.7	356.5	149
18233	208	1	17	106	0	8	588.1	271.3	185
18234	208	1	17	106	0	9	589.4	247.6	147
18235	208	1	17	106	0	10	550.1	284.1	197
18236	208	1	17	106	0	11	561.8	296.7	213
18237	208	1	17	106	0	12	559.8	285.9	417
18238	208	1	17	106	0	13	341.8	350.4	209
18239	208	1	17	106	0	14	554.9	278.7	560
18240	208	1	17	106	0	15	246.2	223.3	156
18241	208	1	17	106	0	16	301.0	268.8	105
18242	208	1	17	106	0	17	349.0	377.4	226
18243	208	1	17	106	0	18	403.6	381.3	350
18244	208	1	17	106	0	19	538.3	376.6	163
18245	208	1	17	106	0	20	566.0	297.3	248
18246	208	1	17	106	0	21	569.6	272.7	168
18247	208	1	17	106	0	22	542.0	288.7	192
18248	208	1	17	106	0	23	188.9	222.1	184
18249	208	1	17	106	2	24	312.8	201.2	92
18463	208	1	27	97	1	1	388.1	309.3	833
18464	208	1	27	97	0	2	336.2	269.8	143
18465	208	1	27	97	0	3	503.7	231.5	132
18466	208	1	27	97	0	4	609.6	250.6	207
18467	208	1	27	97	0	5	358.9	133.5	235
18468	208	1	27	97	0	6	292.1	169.9	105
18469	208	1	27	97	0	7	221.2	284.1	146
18470	208	1	27	97	0	8	154.3	370.2	236
18471	208	1	27	97	0	9	101.7	429.3	163
18472	208	1	27	97	0	10	116.5	420.8	328
18473	208	1	27	97	0	11	139.3	373.1	231
18474	208	1	27	97	0	12	164.0	280.9	526
18475	208	1	27	97	0	13	147.7	216.4	151
18476	208	1	27	97	0	14	258.5	212.8	280
18477	208	1	27	97	0	15	251.4	176.3	245
18478	208	1	27	97	0	16	347.2	152.1	280
18479	208	1	27	97	0	17	420.9	193.9	238
18480	208	1	27	97	0	18	610.4	151.9	246
18481	208	1	27	97	0	19	648.5	130.1	132
18482	208	1	27	97	0	20	747.3	298.4	285
18483	208	1	27	97	0	21	714.0	358.0	150
18484	208	1	27	97	0	22	705.9	462.0	155
18485	208	1	27	97	2	23	715.6	451.4	339
18584	208	1	32	149	1	1	388.8	306.7	762
18585	208	1	32	149	0	2	335.8	274.9	163
18586	208	1	32	149	0	3	440.8	164.0	161
18587	208	1	32	149	0	4	485.7	159.2	150
18588	208	1	32	149	0	5	297.6	186.0	256
18589	208	1	32	149	0	6	351.8	190.2	284
18590	208	1	32	149	0	7	345.5	225.0	351
18591	208	1	32	149	0	8	283.4	490.8	185
18592	208	1	32	149	0	9	345.8	441.8	294
18593	208	1	32	149	0	10	302.2	413.2	45
18594	208	1	32	149	0	11	221.4	401.6	140
18595	208	1	32	149	0	12	71.2	460.7	223
18596	208	1	32	149	0	13	61.3	513.7	208
18597	208	1	32	149	0	14	198.2	532.2	148
18598	208	1	32	149	0	15	212.3	472.0	125
18599	208	1	32	149	0	16	471.0	473.1	149
18600	208	1	32	149	0	17	628.3	494.3	183
18601	208	1	32	149	0	18	747.4	493.5	246
18602	208	1	32	149	0	19	624.3	575.7	323
18603	208	1	32	149	0	20	614.0	222.8	93
18604	208	1	32	149	0	21	563.2	106.5	155
18605	208	1	32	149	0	22	135.8	139.6	161
18606	208	1	32	149	0	23	47.1	123.5	160
18607	208	1	32	149	0	24	0.5	168.7	314
18608	208	1	32	149	0	25	424.7	163.2	260
18609	208	1	32	149	2	26	395.3	166.2	168
18658	208	1	35	37	1	1	403.1	294.7	769
18659	208	1	35	37	0	2	204.1	180.6	163
18660	208	1	35	37	0	3	160.4	160.8	399
18661	208	1	35	37	0	4	24.5	178.5	130
18662	208	1	35	37	0	5	444.8	191.2	160
18663	208	1	35	37	0	6	688.1	217.1	214
18664	208	1	35	37	0	7	579.3	237.2	57
18665	208	1	35	37	0	8	433.9	241.9	329
18666	208	1	35	37	0	9	415.1	211.7	493
18667	208	1	35	37	0	10	476.9	227.2	176
18668	208	1	35	37	0	11	593.6	224.9	156
18669	208	1	35	37	0	12	771.2	290.6	334
18670	208	1	35	37	0	13	698.2	428.8	308
18671	208	1	35	37	0	14	416.1	416.1	205
18672	208	1	35	37	0	15	371.4	411.7	252
18673	208	1	35	37	0	16	385.2	385.0	138
18674	208	1	35	37	0	17	189.2	297.7	186
18675	208	1	35	37	0	18	182.1	458.4	212
18676	208	1	35	37	0	19	126.4	156.1	186
18677	208	1	35	37	0	20	58.0	147.1	187
18678	208	1	35	37	0	21	133.1	97.0	206
18679	208	1	35	37	0	22	171.2	507.3	250
18680	208	1	35	37	2	23	501.1	185.0	277
18801	208	1	41	52	1	1	392.7	296.8	636
18802	208	1	41	52	0	2	322.4	318.0	128
18803	208	1	41	52	0	3	311.3	274.4	102
18804	208	1	41	52	0	4	349.2	270.3	133
18805	208	1	41	52	0	5	592.1	266.9	181
18806	208	1	41	52	0	6	543.2	279.6	169
18807	208	1	41	52	0	7	514.2	296.9	152
18808	208	1	41	52	0	8	108.9	86.1	133
18809	208	1	41	52	0	9	108.4	21.9	76
18810	208	1	41	52	0	10	107.2	23.5	56
18811	208	1	41	52	0	11	109.7	34.6	41
18812	208	1	41	52	0	12	93.6	27.9	148
18813	208	1	41	52	0	13	90.4	360.2	155
18814	208	1	41	52	0	14	36.3	382.1	209
18815	208	1	41	52	0	15	57.2	384.8	127
18816	208	1	41	52	0	16	484.1	471.0	220
18817	208	1	41	52	0	17	591.2	509.9	259
18818	208	1	41	52	0	18	232.3	416.7	196
18819	208	1	41	52	0	19	274.3	358.6	248
18820	208	1	41	52	0	20	263.6	213.0	264
18821	208	1	41	52	0	21	378.7	161.2	164
18822	208	1	41	52	0	22	600.6	219.3	151
18823	208	1	41	52	0	23	571.9	273.3	204
18824	208	1	41	52	0	24	527.4	289.6	147
18825	208	1	41	52	0	25	297.8	392.1	167
18826	208	1	41	52	0	26	265.1	354.5	315
18827	208	1	41	52	0	27	58.6	382.5	249
18828	208	1	41	52	0	28	41.3	384.3	198
18829	208	1	41	52	2	29	469.0	455.4	281
19200	208	1	57	112	1	1	387.1	311.8	745
19201	208	1	57	112	0	2	267.8	370.1	237
19202	208	1	57	112	0	3	217.8	432.9	169
19203	208	1	57	112	0	4	190.1	436.1	194
19204	208	1	57	112	0	5	164.8	446.8	1171
19205	208	1	57	112	0	6	205.1	478.6	359
19206	208	1	57	112	0	7	215.8	490.2	103
19207	208	1	57	112	0	8	222.1	236.8	177
19208	208	1	57	112	0	9	299.0	208.1	154
19209	208	1	57	112	0	10	378.1	154.8	269
19210	208	1	57	112	0	11	508.6	257.7	197
19211	208	1	57	112	0	12	707.1	381.3	197
19212	208	1	57	112	0	13	619.2	420.9	446
19213	208	1	57	112	0	14	644.6	426.9	109
19214	208	1	57	112	0	15	522.8	577.8	219
19215	208	1	57	112	0	16	512.1	568.1	199
19216	208	1	57	112	0	17	59.4	392.6	162
19217	208	1	57	112	0	18	75.8	328.9	222
19218	208	1	57	112	0	19	21.0	333.1	306
19219	208	1	57	112	0	20	590.2	226.1	165
19220	208	1	57	112	2	21	628.5	142.8	185
19340	208	1	63	107	1	1	386.4	314.8	421
19341	208	1	63	107	0	2	355.3	417.6	316
19342	208	1	63	107	0	3	154.8	472.8	265
19343	208	1	63	107	0	4	72.2	383.2	374
19344	208	1	63	107	0	5	58.4	326.6	309
19345	208	1	63	107	0	6	550.4	403.1	302
19346	208	1	63	107	0	7	477.6	355.6	268
19347	208	1	63	107	0	8	654.7	433.3	417
19348	208	1	63	107	0	9	581.2	511.9	266
19349	208	1	63	107	0	10	329.8	497.7	141
19350	208	1	63	107	0	11	298.4	349.7	235
19351	208	1	63	107	0	12	264.6	138.8	308
19352	208	1	63	107	0	13	22.5	229.5	217
19353	208	1	63	107	0	14	62.6	219.4	179
19354	208	1	63	107	0	15	688.0	205.6	150
19355	208	1	63	107	0	16	727.7	140.7	217
19356	208	1	63	107	0	17	622.7	156.3	157
19357	208	1	63	107	0	18	192.3	148.9	197
19358	208	1	63	107	0	19	173.6	104.3	213
19359	208	1	63	107	0	20	270.7	72.3	232
19360	208	1	63	107	2	21	472.7	89.5	136
19835	208	1	84	9	1	1	381.1	319.2	766
19836	208	1	84	9	0	2	293.3	365.5	148
19837	208	1	84	9	0	3	514.7	183.0	235
19838	208	1	84	9	0	4	524.9	163.4	556
19839	208	1	84	9	0	5	524.9	160.8	53
19840	208	1	84	9	0	6	526.3	149.9	72
19841	208	1	84	9	0	7	265.9	190.4	223
19842	208	1	84	9	0	8	263.3	379.4	521
19843	208	1	84	9	0	9	415.4	425.8	317
19844	208	1	84	9	0	10	123.5	344.2	151
19845	208	1	84	9	0	11	100.9	310.8	143
19846	208	1	84	9	0	12	84.4	286.6	229
19847	208	1	84	9	0	13	68.3	280.1	186
19848	208	1	84	9	0	14	153.2	122.1	366
19849	208	1	84	9	0	15	753.6	90.7	580
19850	208	1	84	9	0	16	706.9	330.7	286
19851	208	1	84	9	0	17	538.7	199.1	398
19852	208	1	84	9	0	18	746.4	286.5	373
19853	208	1	84	9	0	19	663.2	412.1	252
19854	208	1	84	9	2	20	554.8	460.0	226
19872	208	1	86	67	1	1	387.4	311.9	772
19873	208	1	86	67	0	2	329.9	376.0	127
19874	208	1	86	67	0	3	206.8	277.9	236
19875	208	1	86	67	0	4	434.5	214.0	263
19876	208	1	86	67	0	5	471.9	385.9	352
19877	208	1	86	67	0	6	202.0	416.3	418
19878	208	1	86	67	0	7	208.1	397.2	286
19879	208	1	86	67	0	8	259.3	405.7	308
19880	208	1	86	67	0	9	378.9	235.7	250
19881	208	1	86	67	0	10	234.2	215.4	265
19882	208	1	86	67	0	11	474.4	162.9	276
19883	208	1	86	67	0	12	644.0	186.1	314
19884	208	1	86	67	0	13	630.3	333.3	385
19885	208	1	86	67	0	14	708.3	302.2	376
19886	208	1	86	67	0	15	701.1	334.1	167
19887	208	1	86	67	0	16	368.2	216.2	201
19888	208	1	86	67	0	17	132.0	283.9	330
19889	208	1	86	67	0	18	276.8	267.3	198
19890	208	1	86	67	2	19	444.7	206.4	355
20146	208	1	98	129	1	1	330.6	281.1	137
20147	208	1	98	129	0	2	250.7	239.7	232
20148	208	1	98	129	0	3	494.7	195.9	176
20149	208	1	98	129	0	4	426.2	449.6	163
20150	208	1	98	129	0	5	355.1	449.3	124
20151	208	1	98	129	0	6	307.4	195.6	159
20152	208	1	98	129	0	7	134.5	176.1	161
20153	208	1	98	129	0	8	125.5	107.3	92
20154	208	1	98	129	0	9	192.2	67.2	153
20155	208	1	98	129	0	10	235.4	93.2	119
20156	208	1	98	129	0	11	562.8	113.4	197
20157	208	1	98	129	0	12	621.5	276.6	135
20158	208	1	98	129	0	13	436.6	199.8	167
20159	208	1	98	129	0	14	291.5	208.3	124
20160	208	1	98	129	0	15	540.8	203.8	129
20161	208	1	98	129	0	16	605.8	179.1	488
20162	208	1	98	129	0	17	220.3	387.8	324
20163	208	1	98	129	0	18	194.0	518.0	163
20164	208	1	98	129	0	19	218.7	303.8	397
20165	208	1	98	129	0	20	392.4	530.1	238
20166	208	1	98	129	0	21	78.7	540.7	217
20167	208	1	98	129	0	22	105.7	539.6	130
20168	208	1	98	129	0	23	472.2	429.0	219
20169	208	1	98	129	0	24	316.3	417.2	156
20170	208	1	98	129	2	25	671.0	405.1	329
20221	208	1	101	150	1	1	387.1	319.1	500
20222	208	1	101	150	0	2	458.0	280.6	313
20223	208	1	101	150	0	3	398.8	278.8	277
20224	208	1	101	150	0	4	319.9	149.6	97
20225	208	1	101	150	0	5	318.6	155.0	58
20226	208	1	101	150	0	6	293.7	93.6	204
20227	208	1	101	150	0	7	230.2	111.8	192
20228	208	1	101	150	0	8	124.2	277.2	170
20229	208	1	101	150	0	9	98.3	296.7	181
20230	208	1	101	150	0	10	31.6	272.5	128
20231	208	1	101	150	0	11	341.4	541.3	218
20232	208	1	101	150	0	12	345.5	508.0	127
20233	208	1	101	150	0	13	553.0	425.8	263
20234	208	1	101	150	0	14	530.5	405.6	159
20235	208	1	101	150	0	15	635.0	382.3	119
20236	208	1	101	150	0	16	704.1	396.5	207
20237	208	1	101	150	0	17	570.7	272.0	169
20238	208	1	101	150	0	18	356.1	218.2	175
20239	208	1	101	150	0	19	267.1	199.4	187
20240	208	1	101	150	0	20	294.4	94.7	118
20241	208	1	101	150	0	21	253.9	35.7	34
20242	208	1	101	150	0	22	255.6	45.2	115
20243	208	1	101	150	0	23	551.1	142.0	194
20244	208	1	101	150	0	24	640.8	175.1	74
20245	208	1	101	150	0	25	194.2	59.2	236
20246	208	1	101	150	0	26	239.6	59.8	118
20247	208	1	101	150	0	27	242.7	53.5	245
20248	208	1	101	150	0	28	100.5	257.1	338
20249	208	1	101	150	2	29	258.9	62.8	343
20250	208	1	102	58	1	1	392.8	305.4	836
20251	208	1	102	58	0	2	291.1	278.7	164
20252	208	1	102	58	0	3	264.0	227.6	154
20253	208	1	102	58	0	4	90.2	155.8	288
20254	208	1	102	58	0	5	164.4	146.3	457
20255	208	1	102	58	0	6	422.6	121.8	227
20256	208	1	102	58	0	7	453.2	115.5	145
20257	208	1	102	58	0	8	626.6	333.5	201
20258	208	1	102	58	0	9	581.1	239.2	99
20259	208	1	102	58	0	10	587.9	157.1	260
20260	208	1	102	58	0	11	626.7	271.2	307
20261	208	1	102	58	0	12	645.1	266.8	144
20262	208	1	102	58	0	13	522.6	400.0	320
20263	208	1	102	58	0	14	646.1	469.0	184
20264	208	1	102	58	0	15	607.6	438.0	152
20265	208	1	102	58	0	16	218.3	333.8	182
20266	208	1	102	58	0	17	174.6	364.0	244
20267	208	1	102	58	0	18	121.9	272.6	139
20268	208	1	102	58	0	19	257.0	153.1	213
20269	208	1	102	58	0	20	368.8	139.2	251
20270	208	1	102	58	0	21	359.5	89.0	162
20271	208	1	102	58	0	22	353.4	67.6	132
20272	208	1	102	58	0	23	694.7	168.0	231
20273	208	1	102	58	0	24	762.1	177.4	246
20274	208	1	102	58	2	25	345.7	216.7	339
20524	208	1	114	111	1	1	395.7	305.7	724
20525	208	1	114	111	0	2	555.3	173.9	276
20526	208	1	114	111	0	3	598.5	160.7	118
20527	208	1	114	111	0	4	75.1	326.5	157
20528	208	1	114	111	0	5	47.2	346.8	134
20529	208	1	114	111	0	6	198.4	400.6	215
20530	208	1	114	111	0	7	191.3	395.9	451
20531	208	1	114	111	0	8	66.2	448.5	217
20532	208	1	114	111	0	9	156.6	508.3	139
20533	208	1	114	111	0	10	136.8	534.6	225
20534	208	1	114	111	0	11	149.2	534.6	213
20535	208	1	114	111	0	12	257.7	491.6	149
20536	208	1	114	111	0	13	207.5	505.7	235
20537	208	1	114	111	0	14	195.3	519.6	110
20538	208	1	114	111	0	15	326.3	448.1	161
20539	208	1	114	111	0	16	175.0	463.9	160
20540	208	1	114	111	0	17	333.0	446.0	234
20541	208	1	114	111	0	18	358.8	434.8	85
20542	208	1	114	111	0	19	531.1	437.4	226
20543	208	1	114	111	0	20	525.6	438.1	99
20544	208	1	114	111	0	21	532.1	327.6	187
20545	208	1	114	111	0	22	529.7	297.1	237
20546	208	1	114	111	0	23	582.5	183.9	248
20547	208	1	114	111	0	24	622.9	176.8	96
20548	208	1	114	111	0	25	639.3	378.5	265
20549	208	1	114	111	2	26	695.9	388.8	453
20877	208	1	130	85	1	1	381.3	293.6	634
20878	208	1	130	85	0	2	181.6	323.0	208
20879	208	1	130	85	0	3	104.5	302.5	153
20880	208	1	130	85	0	4	108.1	115.9	148
20881	208	1	130	85	0	5	118.4	62.0	291
20882	208	1	130	85	0	6	133.1	261.9	252
20883	208	1	130	85	0	7	149.8	241.6	289
20884	208	1	130	85	0	8	132.2	365.3	165
20885	208	1	130	85	0	9	677.6	507.4	154
20886	208	1	130	85	0	10	695.2	467.6	322
20887	208	1	130	85	0	11	711.6	465.1	88
20888	208	1	130	85	0	12	617.2	351.2	379
20889	208	1	130	85	0	13	456.8	326.4	210
20890	208	1	130	85	0	14	590.9	344.3	225
20891	208	1	130	85	0	15	620.1	275.8	346
20892	208	1	130	85	0	16	611.4	260.3	264
20893	208	1	130	85	0	17	643.2	255.3	220
20894	208	1	130	85	0	18	551.7	251.7	127
20895	208	1	130	85	0	19	588.9	252.5	136
20896	208	1	130	85	0	20	427.2	102.1	497
20897	208	1	130	85	0	21	197.5	372.4	326
20898	208	1	130	85	2	22	192.8	385.7	556
21552	209	1	9	107	1	1	414.3	281.5	790
21553	209	1	9	107	0	2	424.9	232.0	160
21554	209	1	9	107	0	3	370.4	379.9	153
21555	209	1	9	107	0	4	138.3	284.3	145
21556	209	1	9	107	0	5	115.9	112.0	147
21557	209	1	9	107	0	6	361.8	87.9	188
21558	209	1	9	107	0	7	657.8	103.6	433
21559	209	1	9	107	0	8	682.1	320.2	236
21560	209	1	9	107	0	9	653.0	488.2	281
21561	209	1	9	107	0	10	705.0	346.0	238
21562	209	1	9	107	0	11	605.0	325.3	209
21563	209	1	9	107	0	12	618.2	525.2	127
21564	209	1	9	107	0	13	366.0	432.6	196
21565	209	1	9	107	0	14	81.8	489.0	163
21566	209	1	9	107	0	15	68.7	503.6	28
21567	209	1	9	107	0	16	187.8	519.6	319
21568	209	1	9	107	0	17	166.7	373.0	143
21569	209	1	9	107	0	18	101.3	246.8	156
21570	209	1	9	107	0	19	78.4	79.5	161
21571	209	1	9	107	0	20	395.1	64.3	166
21572	209	1	9	107	0	21	675.6	81.0	158
21573	209	1	9	107	0	22	534.1	49.3	117
21574	209	1	9	107	0	23	411.9	38.4	188
21575	209	1	9	107	0	24	704.0	172.0	274
21576	209	1	9	107	0	25	399.3	115.4	151
21577	209	1	9	107	2	26	296.2	111.2	330
21955	209	1	25	6	1	1	393.9	289.3	931
21956	209	1	25	6	0	2	378.3	213.1	104
21957	209	1	25	6	0	3	409.9	212.2	72
21958	209	1	25	6	0	4	521.0	181.1	149
21959	209	1	25	6	0	5	643.2	116.9	150
21960	209	1	25	6	0	6	540.0	58.0	177
21961	209	1	25	6	0	7	345.9	11.5	199
21962	209	1	25	6	0	8	220.0	36.4	166
21963	209	1	25	6	0	9	51.8	187.3	242
21964	209	1	25	6	0	10	208.3	441.6	172
21965	209	1	25	6	0	11	263.1	499.2	172
21966	209	1	25	6	0	12	187.4	389.1	219
21967	209	1	25	6	0	13	427.1	356.9	82
21968	209	1	25	6	0	14	676.9	442.0	163
21969	209	1	25	6	0	15	715.0	448.2	252
21970	209	1	25	6	0	16	616.5	552.0	195
21971	209	1	25	6	0	17	641.0	266.6	200
21972	209	1	25	6	0	18	249.3	504.6	134
21973	209	1	25	6	0	19	251.8	539.2	215
21974	209	1	25	6	0	20	593.8	419.1	129
21975	209	1	25	6	0	21	641.9	303.6	329
21976	209	1	25	6	0	22	637.1	243.1	263
21977	209	1	25	6	0	23	764.4	228.6	151
21978	209	1	25	6	2	24	430.4	176.9	127
22004	209	1	27	149	1	1	378.7	214.8	821
22005	209	1	27	149	0	2	478.6	179.4	144
22006	209	1	27	149	0	3	365.5	141.5	101
22007	209	1	27	149	0	4	430.4	467.9	168
22008	209	1	27	149	0	5	514.8	140.1	157
22009	209	1	27	149	0	6	514.8	130.9	161
22010	209	1	27	149	0	7	523.4	123.0	52
22011	209	1	27	149	0	8	140.7	161.6	45
22012	209	1	27	149	0	9	142.5	163.4	217
22013	209	1	27	149	0	10	492.7	125.7	162
22014	209	1	27	149	0	11	382.7	475.4	94
22015	209	1	27	149	0	12	410.5	490.9	38
22016	209	1	27	149	0	13	164.0	134.4	53
22017	209	1	27	149	0	14	168.3	161.2	86
22018	209	1	27	149	0	15	56.6	147.2	263
22019	209	1	27	149	0	16	453.7	108.1	209
22020	209	1	27	149	0	17	662.5	137.8	248
22021	209	1	27	149	0	18	704.8	354.5	103
22022	209	1	27	149	0	19	436.5	161.4	187
22023	209	1	27	149	0	20	468.9	109.3	88
22024	209	1	27	149	0	21	476.0	310.1	102
22025	209	1	27	149	0	22	425.7	426.0	78
22026	209	1	27	149	0	23	436.1	416.4	52
22027	209	1	27	149	0	24	455.2	92.8	1101
22028	209	1	27	149	2	25	245.1	104.2	161
22081	209	1	30	52	1	1	396.5	262.4	1101
22082	209	1	30	52	0	2	583.2	257.5	156
22083	209	1	30	52	0	3	665.7	229.9	231
22084	209	1	30	52	0	4	569.9	251.8	145
22085	209	1	30	52	0	5	701.3	172.7	183
22086	209	1	30	52	0	6	665.3	574.5	171
22087	209	1	30	52	0	7	572.4	526.6	178
22088	209	1	30	52	0	8	602.5	480.6	143
22089	209	1	30	52	0	9	440.8	455.4	194
22090	209	1	30	52	0	10	528.8	108.0	59
22091	209	1	30	52	0	11	664.3	36.1	259
22092	209	1	30	52	0	12	290.7	133.9	151
22093	209	1	30	52	0	13	259.7	349.3	151
22094	209	1	30	52	0	14	353.3	222.4	169
22095	209	1	30	52	0	15	97.1	446.0	142
22096	209	1	30	52	0	16	352.0	265.8	136
22097	209	1	30	52	0	17	369.6	236.0	143
22098	209	1	30	52	0	18	80.1	399.6	206
22099	209	1	30	52	0	19	56.4	396.2	326
22100	209	1	30	52	0	20	103.0	606.4	158
22101	209	1	30	52	0	21	196.5	525.4	165
22102	209	1	30	52	0	22	165.4	479.4	153
22103	209	1	30	52	0	23	64.8	300.0	163
22104	209	1	30	52	0	24	57.9	16.4	137
22105	209	1	30	52	0	25	62.9	23.3	458
22106	209	1	30	52	0	26	275.2	162.6	237
22107	209	1	30	52	2	27	360.1	255.4	296
22834	209	1	62	67	1	1	390.5	286.3	841
22835	209	1	62	67	0	2	381.7	309.3	32
22836	209	1	62	67	0	3	493.9	398.0	112
22837	209	1	62	67	0	4	232.1	390.6	135
22838	209	1	62	67	0	5	259.7	141.9	184
22839	209	1	62	67	0	6	549.8	142.6	159
22840	209	1	62	67	0	7	706.5	371.9	284
22841	209	1	62	67	0	8	762.2	403.7	597
22842	209	1	62	67	0	9	285.1	439.7	238
22843	209	1	62	67	0	10	286.7	447.6	1906
22844	209	1	62	67	0	11	558.3	364.3	135
22845	209	1	62	67	0	12	619.5	342.4	44
22846	209	1	62	67	0	13	235.0	382.0	203
22847	209	1	62	67	0	14	149.1	387.9	156
22848	209	1	62	67	0	15	36.8	373.8	147
22849	209	1	62	67	0	16	225.3	387.3	229
22850	209	1	62	67	0	17	146.2	301.5	198
22851	209	1	62	67	2	18	536.5	343.4	332
22948	209	1	67	106	1	1	387.2	322.7	1040
22949	209	1	67	106	0	2	209.8	281.0	92
22950	209	1	67	106	0	3	155.5	170.2	98
22951	209	1	67	106	0	4	151.4	177.4	138
22952	209	1	67	106	0	5	349.2	179.0	227
22953	209	1	67	106	0	6	220.4	206.1	176
22954	209	1	67	106	0	7	157.4	212.7	165
22955	209	1	67	106	0	8	341.0	216.7	164
22956	209	1	67	106	0	9	529.3	297.7	287
22957	209	1	67	106	0	10	582.6	288.4	132
22958	209	1	67	106	0	11	586.1	289.9	293
22959	209	1	67	106	0	12	69.2	388.2	359
22960	209	1	67	106	0	13	-7.9	222.4	221
22961	209	1	67	106	0	14	279.1	282.9	57
22962	209	1	67	106	0	15	274.5	297.5	510
22963	209	1	67	106	0	16	653.2	517.5	179
22964	209	1	67	106	0	17	718.4	523.2	93
22965	209	1	67	106	0	18	341.7	340.2	984
22966	209	1	67	106	2	19	539.5	305.8	375
23483	209	1	91	112	1	1	391.3	314.7	608
23484	209	1	91	112	0	2	256.0	334.0	187
23485	209	1	91	112	0	3	184.3	477.7	117
23486	209	1	91	112	0	4	286.6	136.2	158
23487	209	1	91	112	0	5	369.7	142.3	234
23488	209	1	91	112	0	6	620.3	247.1	122
23489	209	1	91	112	0	7	478.7	132.9	99
23490	209	1	91	112	0	8	421.6	106.6	278
23491	209	1	91	112	0	9	655.9	371.4	295
23492	209	1	91	112	0	10	685.7	256.6	268
23493	209	1	91	112	0	11	716.5	212.0	156
23494	209	1	91	112	0	12	638.8	183.2	128
23495	209	1	91	112	0	13	723.9	151.8	209
23496	209	1	91	112	0	14	650.5	137.1	246
23497	209	1	91	112	0	15	619.0	308.0	28
23498	209	1	91	112	0	16	655.1	406.3	368
23499	209	1	91	112	0	17	214.8	493.2	117
23500	209	1	91	112	0	18	223.5	499.1	74
23501	209	1	91	112	0	19	175.0	484.9	270
23502	209	1	91	112	0	20	63.9	451.3	64
23503	209	1	91	112	0	21	292.3	453.0	218
23504	209	1	91	112	0	22	277.8	545.6	122
23505	209	1	91	112	0	23	168.2	591.6	153
23506	209	1	91	112	0	24	175.6	436.4	116
23507	209	1	91	112	0	25	7.0	381.4	232
23508	209	1	91	112	0	26	6.6	355.5	125
23509	209	1	91	112	2	27	257.0	446.1	251
23721	209	1	101	58	1	1	354.5	296.2	1566
23722	209	1	101	58	0	2	316.4	297.8	128
23723	209	1	101	58	0	3	215.5	192.4	160
23724	209	1	101	58	0	4	103.5	129.3	303
23725	209	1	101	58	0	5	336.4	11.7	143
23726	209	1	101	58	0	6	452.3	12.8	177
23727	209	1	101	58	0	7	601.4	223.4	301
23728	209	1	101	58	0	8	474.5	319.0	176
23729	209	1	101	58	0	9	683.0	438.2	170
23730	209	1	101	58	0	10	715.9	436.0	303
23731	209	1	101	58	0	11	543.7	428.5	194
23732	209	1	101	58	0	12	430.3	301.2	162
23733	209	1	101	58	0	13	610.8	419.1	182
23734	209	1	101	58	0	14	454.2	296.7	153
23735	209	1	101	58	0	15	477.5	268.4	160
23736	209	1	101	58	0	16	748.9	120.0	199
23737	209	1	101	58	0	17	608.9	103.8	182
23738	209	1	101	58	0	18	671.1	212.9	192
23739	209	1	101	58	0	19	587.1	102.8	275
23740	209	1	101	58	0	20	373.4	27.7	236
23741	209	1	101	58	0	21	151.1	95.6	224
23742	209	1	101	58	0	22	77.3	132.6	142
23743	209	1	101	58	0	23	234.8	309.3	233
23744	209	1	101	58	0	24	282.4	249.3	175
23745	209	1	101	58	0	25	129.4	413.5	161
23746	209	1	101	58	2	26	12.7	335.0	186
24135	209	1	119	150	1	1	354.0	296.2	607
24136	209	1	119	150	0	2	565.7	319.9	393
24137	209	1	119	150	0	3	189.4	218.1	221
24138	209	1	119	150	0	4	219.8	29.6	350
24139	209	1	119	150	0	5	313.1	115.0	935
24140	209	1	119	150	0	6	59.4	243.1	545
24141	209	1	119	150	0	7	531.1	212.2	1589
24142	209	1	119	150	0	8	661.0	260.6	226
24143	209	1	119	150	0	9	551.1	278.3	135
24144	209	1	119	150	0	10	287.7	449.2	143
24145	209	1	119	150	0	11	233.5	484.4	144
24146	209	1	119	150	2	12	343.2	490.8	123
24433	209	1	132	129	1	1	361.0	268.1	1068
24434	209	1	132	129	0	2	342.8	244.0	109
24435	209	1	132	129	0	3	566.8	180.8	140
24436	209	1	132	129	0	4	561.8	80.2	331
24437	209	1	132	129	0	5	607.5	137.2	298
24438	209	1	132	129	0	6	468.2	128.2	152
24439	209	1	132	129	0	7	198.9	106.1	208
24440	209	1	132	129	0	8	93.5	278.0	185
24441	209	1	132	129	0	9	58.7	338.0	147
24442	209	1	132	129	0	10	226.2	434.8	199
24443	209	1	132	129	0	11	178.7	514.3	125
24444	209	1	132	129	0	12	367.8	471.9	157
24445	209	1	132	129	0	13	304.9	489.4	164
24446	209	1	132	129	0	14	635.2	481.9	178
24447	209	1	132	129	0	15	605.5	565.3	197
24448	209	1	132	129	0	16	492.6	547.8	228
24449	209	1	132	129	0	17	248.9	535.4	75
24450	209	1	132	129	0	18	94.6	537.0	100
24451	209	1	132	129	0	19	73.6	515.0	63
24452	209	1	132	129	0	20	104.2	402.1	137
24453	209	1	132	129	0	21	185.6	362.3	159
24454	209	1	132	129	0	22	240.7	280.8	285
24455	209	1	132	129	0	23	473.3	356.5	201
24456	209	1	132	129	0	24	383.3	296.0	301
24457	209	1	132	129	2	25	414.5	335.4	122
24480	209	1	134	37	1	1	350.8	298.0	793
24481	209	1	134	37	0	2	172.1	253.3	168
24482	209	1	134	37	0	3	135.6	170.9	85
24483	209	1	134	37	0	4	154.5	169.2	36
24484	209	1	134	37	0	5	778.5	296.2	314
24485	209	1	134	37	0	6	437.0	303.6	1467
24486	209	1	134	37	0	7	599.3	238.4	45
24487	209	1	134	37	0	8	295.0	187.4	97
24488	209	1	134	37	0	9	146.5	164.5	167
24489	209	1	134	37	0	10	97.0	309.4	301
24490	209	1	134	37	0	11	56.9	168.0	344
24491	209	1	134	37	0	12	0.0	365.5	302
24492	209	1	134	37	0	13	675.8	293.8	133
24493	209	1	134	37	0	14	383.5	210.5	245
24494	209	1	134	37	0	15	166.1	113.7	309
24495	209	1	134	37	0	16	111.7	253.2	112
24496	209	1	134	37	0	17	103.0	379.7	151
24497	209	1	134	37	2	18	296.4	436.2	185
24537	209	1	137	85	1	1	362.1	266.5	818
24538	209	1	137	85	0	2	543.1	246.7	129
24539	209	1	137	85	0	3	297.4	153.1	58
24540	209	1	137	85	0	4	307.9	134.1	70
24541	209	1	137	85	0	5	417.0	93.2	164
24542	209	1	137	85	0	6	102.8	293.6	184
24543	209	1	137	85	0	7	68.1	139.9	140
24544	209	1	137	85	0	8	76.9	103.8	239
24545	209	1	137	85	0	9	80.1	91.0	135
24546	209	1	137	85	0	10	8.4	382.7	237
24547	209	1	137	85	0	11	167.5	362.6	203
24548	209	1	137	85	0	12	96.8	369.4	230
24549	209	1	137	85	0	13	159.0	297.8	138
24550	209	1	137	85	0	14	183.0	352.3	170
24551	209	1	137	85	0	15	629.8	531.1	278
24552	209	1	137	85	0	16	714.2	508.0	145
24553	209	1	137	85	0	17	669.9	477.9	175
24554	209	1	137	85	0	18	691.3	469.4	159
24555	209	1	137	85	0	19	675.4	464.8	200
24556	209	1	137	85	0	20	707.3	450.1	246
24557	209	1	137	85	0	21	595.8	305.1	180
24558	209	1	137	85	0	22	646.4	98.9	150
24559	209	1	137	85	0	23	652.4	441.0	188
24560	209	1	137	85	0	24	678.7	460.6	182
24561	209	1	137	85	0	25	708.3	452.4	246
24562	209	1	137	85	0	26	697.0	64.5	255
24563	209	1	137	85	2	27	582.5	170.3	254
24626	209	1	141	9	1	1	345.0	267.7	774
24627	209	1	141	9	0	2	277.1	325.9	105
24628	209	1	141	9	0	3	549.8	124.9	148
24629	209	1	141	9	0	4	495.6	115.1	480
24630	209	1	141	9	0	5	225.7	185.0	243
24631	209	1	141	9	0	6	85.4	305.6	172
24632	209	1	141	9	0	7	47.1	285.9	173
24633	209	1	141	9	0	8	68.8	266.3	362
24634	209	1	141	9	0	9	45.4	271.3	375
24635	209	1	141	9	0	10	10.7	241.7	285
24636	209	1	141	9	0	11	67.8	248.1	349
24637	209	1	141	9	0	12	191.0	380.1	162
24638	209	1	141	9	0	13	231.4	390.5	96
24639	209	1	141	9	0	14	206.5	400.7	212
24640	209	1	141	9	0	15	258.4	396.1	457
24641	209	1	141	9	0	16	206.2	392.3	231
24642	209	1	141	9	0	17	182.2	397.2	327
24643	209	1	141	9	0	18	487.0	466.1	379
24644	209	1	141	9	0	19	397.8	442.4	145
24645	209	1	141	9	2	20	708.5	419.7	341
24720	209	1	145	97	1	1	354.7	291.7	2137
24721	209	1	145	97	0	2	520.0	290.8	164
24722	209	1	145	97	0	3	558.9	169.7	103
24723	209	1	145	97	0	4	301.9	250.9	208
24724	209	1	145	97	0	5	142.0	371.9	201
24725	209	1	145	97	0	6	215.7	235.2	205
24726	209	1	145	97	0	7	440.6	206.3	210
24727	209	1	145	97	0	8	374.2	187.9	278
24728	209	1	145	97	0	9	543.2	236.4	324
24729	209	1	145	97	0	10	479.7	214.7	195
24730	209	1	145	97	0	11	480.9	225.0	230
24731	209	1	145	97	0	12	324.4	232.4	511
24732	209	1	145	97	0	13	140.6	312.4	202
24733	209	1	145	97	0	14	127.3	291.3	131
24734	209	1	145	97	0	15	215.4	194.5	262
24735	209	1	145	97	0	16	489.6	201.8	171
24736	209	1	145	97	0	17	686.0	282.7	267
24737	209	1	145	97	0	18	723.1	399.4	283
24738	209	1	145	97	0	19	742.7	453.6	119
24739	209	1	145	97	0	20	646.4	254.7	117
24740	209	1	145	97	0	21	454.7	184.1	165
24741	209	1	145	97	2	22	360.2	178.3	206
24788	209	1	148	111	1	1	338.6	303.9	791
24789	209	1	148	111	0	2	500.8	259.2	106
24790	209	1	148	111	0	3	572.8	119.1	95
24791	209	1	148	111	0	4	497.9	353.0	178
24792	209	1	148	111	0	5	495.1	247.6	154
24793	209	1	148	111	0	6	596.1	139.8	166
24794	209	1	148	111	0	7	495.1	140.2	257
24795	209	1	148	111	0	8	661.6	151.2	173
24796	209	1	148	111	0	9	631.7	145.6	211
24797	209	1	148	111	0	10	689.1	391.3	416
24798	209	1	148	111	0	11	150.9	440.3	59
24799	209	1	148	111	0	12	141.2	405.4	526
24800	209	1	148	111	0	13	4.4	391.6	209
24801	209	1	148	111	0	14	5.6	442.4	228
24802	209	1	148	111	0	15	6.2	379.7	112
24803	209	1	148	111	0	16	261.9	517.6	151
24804	209	1	148	111	0	17	142.0	552.9	222
24805	209	1	148	111	0	18	294.2	464.3	174
24806	209	1	148	111	0	19	544.8	526.3	209
24807	209	1	148	111	0	20	435.9	523.4	224
24808	209	1	148	111	0	21	721.5	565.0	212
24809	209	1	148	111	0	22	621.4	560.4	148
24810	209	1	148	111	0	23	625.6	458.1	137
24811	209	1	148	111	0	24	733.3	481.3	145
24812	209	1	148	111	2	25	654.9	377.8	184
